Timestamp,PlaybackTime,UnitQuaternion.x,UnitQuaternion.y,UnitQuaternion.z,UnitQuaternion.w,HmdPosition.x,HmdPosition.y,HmdPosition.z
2016-11-17 02:11:50.340,1.247,-0.015,0.948,-0.063,-0.310,-0.160,1.116,-0.259
2016-11-17 02:11:50.345,1.247,-0.015,0.948,-0.063,-0.310,-0.160,1.116,-0.259
2016-11-17 02:11:50.351,1.247,-0.015,0.949,-0.065,-0.309,-0.160,1.116,-0.260
2016-11-17 02:11:50.361,0.000,-0.015,0.949,-0.065,-0.309,-0.160,1.116,-0.260
2016-11-17 02:11:50.373,0.000,-0.015,0.949,-0.065,-0.309,-0.160,1.115,-0.260
2016-11-17 02:11:50.383,0.021,-0.015,0.949,-0.065,-0.309,-0.160,1.115,-0.260
2016-11-17 02:11:50.395,0.021,-0.015,0.949,-0.065,-0.309,-0.160,1.115,-0.260
2016-11-17 02:11:50.406,0.043,-0.015,0.949,-0.066,-0.309,-0.160,1.115,-0.260
2016-11-17 02:11:50.417,0.043,-0.015,0.949,-0.066,-0.309,-0.160,1.115,-0.260
2016-11-17 02:11:50.428,0.064,-0.015,0.949,-0.066,-0.308,-0.160,1.115,-0.260
2016-11-17 02:11:50.439,0.064,-0.015,0.949,-0.066,-0.308,-0.160,1.115,-0.260
2016-11-17 02:11:50.451,0.085,-0.015,0.949,-0.066,-0.308,-0.160,1.115,-0.260
2016-11-17 02:11:50.463,0.085,-0.015,0.949,-0.066,-0.308,-0.160,1.115,-0.260
2016-11-17 02:11:50.474,0.107,-0.015,0.949,-0.066,-0.308,-0.160,1.115,-0.260
2016-11-17 02:11:50.485,0.128,-0.015,0.949,-0.066,-0.308,-0.160,1.115,-0.260
2016-11-17 02:11:50.496,0.128,-0.015,0.949,-0.066,-0.308,-0.160,1.115,-0.260
2016-11-17 02:11:50.508,0.149,-0.015,0.949,-0.066,-0.308,-0.160,1.116,-0.260
2016-11-17 02:11:50.518,0.149,-0.015,0.949,-0.066,-0.308,-0.160,1.116,-0.260
2016-11-17 02:11:50.530,0.171,-0.015,0.949,-0.066,-0.307,-0.160,1.116,-0.260
2016-11-17 02:11:50.541,0.171,-0.015,0.949,-0.066,-0.307,-0.159,1.116,-0.260
2016-11-17 02:11:50.551,0.192,-0.014,0.949,-0.066,-0.307,-0.159,1.116,-0.260
2016-11-17 02:11:50.562,0.192,-0.014,0.949,-0.066,-0.307,-0.159,1.116,-0.260
2016-11-17 02:11:50.573,0.192,-0.014,0.949,-0.066,-0.307,-0.159,1.116,-0.260
2016-11-17 02:11:50.584,0.213,-0.014,0.949,-0.066,-0.307,-0.159,1.116,-0.260
2016-11-17 02:11:50.596,0.235,-0.014,0.949,-0.066,-0.307,-0.159,1.116,-0.260
2016-11-17 02:11:50.607,0.235,-0.014,0.949,-0.066,-0.307,-0.159,1.116,-0.260
2016-11-17 02:11:50.618,0.256,-0.014,0.949,-0.066,-0.307,-0.159,1.115,-0.260
2016-11-17 02:11:50.628,0.256,-0.014,0.949,-0.066,-0.307,-0.159,1.116,-0.260
2016-11-17 02:11:50.642,0.277,-0.014,0.949,-0.066,-0.307,-0.159,1.116,-0.260
2016-11-17 02:11:50.652,0.277,-0.014,0.949,-0.065,-0.307,-0.159,1.116,-0.260
2016-11-17 02:11:50.663,0.299,-0.014,0.949,-0.065,-0.307,-0.159,1.116,-0.260
2016-11-17 02:11:50.674,0.299,-0.014,0.949,-0.065,-0.307,-0.159,1.115,-0.260
2016-11-17 02:11:50.685,0.320,-0.014,0.949,-0.065,-0.307,-0.159,1.116,-0.260
2016-11-17 02:11:50.697,0.341,-0.014,0.949,-0.065,-0.307,-0.159,1.116,-0.259
2016-11-17 02:11:50.707,0.341,-0.014,0.950,-0.065,-0.307,-0.159,1.116,-0.259
2016-11-17 02:11:50.718,0.363,-0.014,0.950,-0.065,-0.306,-0.159,1.116,-0.260
2016-11-17 02:11:50.729,0.363,-0.014,0.950,-0.066,-0.306,-0.159,1.116,-0.259
2016-11-17 02:11:50.741,0.363,-0.014,0.950,-0.065,-0.306,-0.159,1.116,-0.259
2016-11-17 02:11:50.752,0.384,-0.014,0.950,-0.065,-0.306,-0.159,1.116,-0.259
2016-11-17 02:11:50.763,0.384,-0.014,0.950,-0.066,-0.306,-0.159,1.116,-0.259
2016-11-17 02:11:50.774,0.405,-0.014,0.950,-0.065,-0.306,-0.159,1.116,-0.259
2016-11-17 02:11:50.785,0.427,-0.014,0.950,-0.066,-0.306,-0.159,1.116,-0.259
2016-11-17 02:11:50.797,0.427,-0.014,0.950,-0.066,-0.306,-0.159,1.116,-0.259
2016-11-17 02:11:50.808,0.448,-0.014,0.950,-0.066,-0.306,-0.159,1.115,-0.259
2016-11-17 02:11:50.819,0.448,-0.014,0.950,-0.066,-0.306,-0.159,1.116,-0.259
2016-11-17 02:11:50.830,0.469,-0.014,0.950,-0.066,-0.306,-0.159,1.116,-0.259
2016-11-17 02:11:50.841,0.469,-0.014,0.950,-0.066,-0.305,-0.159,1.115,-0.259
2016-11-17 02:11:50.852,0.491,-0.014,0.950,-0.066,-0.305,-0.159,1.115,-0.259
2016-11-17 02:11:50.863,0.491,-0.014,0.950,-0.066,-0.305,-0.159,1.115,-0.259
2016-11-17 02:11:50.874,0.512,-0.014,0.950,-0.066,-0.305,-0.159,1.115,-0.259
2016-11-17 02:11:50.885,0.512,-0.014,0.950,-0.067,-0.305,-0.159,1.115,-0.259
2016-11-17 02:11:50.896,0.533,-0.014,0.950,-0.067,-0.305,-0.159,1.115,-0.259
2016-11-17 02:11:50.907,0.533,-0.014,0.950,-0.067,-0.305,-0.159,1.115,-0.259
2016-11-17 02:11:50.919,0.555,-0.015,0.950,-0.067,-0.305,-0.159,1.115,-0.259
2016-11-17 02:11:50.930,0.555,-0.015,0.950,-0.068,-0.305,-0.159,1.115,-0.259
2016-11-17 02:11:50.941,0.576,-0.015,0.950,-0.068,-0.305,-0.159,1.115,-0.259
2016-11-17 02:11:50.953,0.576,-0.015,0.950,-0.068,-0.305,-0.159,1.115,-0.259
2016-11-17 02:11:50.963,0.597,-0.015,0.950,-0.068,-0.305,-0.159,1.115,-0.259
2016-11-17 02:11:50.974,0.619,-0.015,0.950,-0.068,-0.305,-0.159,1.115,-0.259
2016-11-17 02:11:50.986,0.619,-0.015,0.950,-0.068,-0.305,-0.159,1.115,-0.259
2016-11-17 02:11:50.997,0.640,-0.016,0.950,-0.068,-0.305,-0.159,1.115,-0.259
2016-11-17 02:11:51.009,0.640,-0.016,0.950,-0.068,-0.304,-0.159,1.115,-0.259
2016-11-17 02:11:51.020,0.661,-0.016,0.950,-0.068,-0.304,-0.159,1.115,-0.259
2016-11-17 02:11:51.031,0.661,-0.016,0.950,-0.068,-0.304,-0.159,1.115,-0.259
2016-11-17 02:11:51.042,0.683,-0.016,0.950,-0.068,-0.304,-0.159,1.115,-0.259
2016-11-17 02:11:51.053,0.683,-0.017,0.950,-0.068,-0.304,-0.159,1.115,-0.259
2016-11-17 02:11:51.064,0.683,-0.017,0.950,-0.068,-0.304,-0.159,1.115,-0.259
2016-11-17 02:11:51.075,0.704,-0.017,0.950,-0.068,-0.304,-0.159,1.115,-0.259
2016-11-17 02:11:51.087,0.725,-0.017,0.950,-0.068,-0.303,-0.159,1.115,-0.259
2016-11-17 02:11:51.098,0.725,-0.018,0.950,-0.068,-0.303,-0.160,1.115,-0.259
2016-11-17 02:11:51.109,0.747,-0.018,0.950,-0.068,-0.303,-0.159,1.115,-0.259
2016-11-17 02:11:51.120,0.747,-0.018,0.950,-0.068,-0.303,-0.160,1.115,-0.259
2016-11-17 02:11:51.131,0.768,-0.018,0.950,-0.068,-0.303,-0.160,1.115,-0.259
2016-11-17 02:11:51.143,0.768,-0.018,0.950,-0.068,-0.303,-0.160,1.115,-0.259
2016-11-17 02:11:51.153,0.789,-0.019,0.950,-0.069,-0.303,-0.160,1.115,-0.259
2016-11-17 02:11:51.164,0.811,-0.019,0.950,-0.069,-0.303,-0.160,1.115,-0.259
2016-11-17 02:11:51.176,0.811,-0.019,0.950,-0.069,-0.304,-0.160,1.115,-0.259
2016-11-17 02:11:51.187,0.832,-0.019,0.950,-0.069,-0.304,-0.159,1.115,-0.259
2016-11-17 02:11:51.198,0.832,-0.019,0.950,-0.069,-0.304,-0.159,1.115,-0.259
2016-11-17 02:11:51.209,0.832,-0.019,0.950,-0.069,-0.305,-0.159,1.115,-0.259
2016-11-17 02:11:51.220,0.853,-0.019,0.950,-0.069,-0.305,-0.159,1.115,-0.259
2016-11-17 02:11:51.232,0.853,-0.019,0.949,-0.069,-0.306,-0.159,1.115,-0.258
2016-11-17 02:11:51.243,0.875,-0.019,0.949,-0.069,-0.306,-0.159,1.115,-0.258
2016-11-17 02:11:51.254,0.875,-0.020,0.949,-0.069,-0.307,-0.159,1.115,-0.258
2016-11-17 02:11:51.265,0.896,-0.020,0.949,-0.069,-0.308,-0.159,1.115,-0.258
2016-11-17 02:11:51.276,0.917,-0.020,0.949,-0.069,-0.308,-0.159,1.115,-0.258
2016-11-17 02:11:51.288,0.917,-0.020,0.948,-0.069,-0.309,-0.159,1.115,-0.258
2016-11-17 02:11:51.298,0.939,-0.020,0.948,-0.069,-0.310,-0.159,1.115,-0.258
2016-11-17 02:11:51.310,0.939,-0.020,0.948,-0.070,-0.310,-0.159,1.115,-0.257
2016-11-17 02:11:51.321,0.960,-0.021,0.948,-0.069,-0.311,-0.159,1.115,-0.257
2016-11-17 02:11:51.332,0.960,-0.021,0.947,-0.069,-0.311,-0.159,1.115,-0.257
2016-11-17 02:11:51.343,0.981,-0.021,0.947,-0.069,-0.312,-0.159,1.115,-0.257
2016-11-17 02:11:51.354,1.003,-0.021,0.947,-0.069,-0.313,-0.159,1.115,-0.257
2016-11-17 02:11:51.365,1.003,-0.022,0.947,-0.069,-0.313,-0.159,1.115,-0.257
2016-11-17 02:11:51.377,1.003,-0.022,0.947,-0.069,-0.313,-0.159,1.115,-0.257
2016-11-17 02:11:51.388,1.024,-0.022,0.947,-0.069,-0.314,-0.159,1.115,-0.257
2016-11-17 02:11:51.399,1.024,-0.022,0.947,-0.069,-0.314,-0.159,1.115,-0.256
2016-11-17 02:11:51.410,1.045,-0.022,0.947,-0.069,-0.314,-0.159,1.115,-0.256
2016-11-17 02:11:51.422,1.045,-0.022,0.946,-0.069,-0.315,-0.159,1.115,-0.256
2016-11-17 02:11:51.433,1.067,-0.022,0.946,-0.070,-0.315,-0.159,1.115,-0.256
2016-11-17 02:11:51.444,1.067,-0.023,0.946,-0.070,-0.315,-0.159,1.115,-0.256
2016-11-17 02:11:51.455,1.088,-0.023,0.946,-0.070,-0.315,-0.159,1.115,-0.256
2016-11-17 02:11:51.467,1.109,-0.023,0.946,-0.070,-0.315,-0.159,1.115,-0.256
2016-11-17 02:11:51.477,1.109,-0.023,0.946,-0.070,-0.315,-0.159,1.115,-0.256
2016-11-17 02:11:51.488,1.131,-0.023,0.946,-0.070,-0.315,-0.160,1.115,-0.256
2016-11-17 02:11:51.499,1.131,-0.023,0.946,-0.070,-0.315,-0.160,1.115,-0.256
2016-11-17 02:11:51.510,1.152,-0.024,0.946,-0.071,-0.315,-0.160,1.115,-0.255
2016-11-17 02:11:51.522,1.152,-0.024,0.946,-0.071,-0.315,-0.160,1.115,-0.255
2016-11-17 02:11:51.533,1.173,-0.024,0.946,-0.071,-0.316,-0.160,1.115,-0.255
2016-11-17 02:11:51.544,1.173,-0.024,0.946,-0.071,-0.316,-0.160,1.115,-0.255
2016-11-17 02:11:51.555,1.195,-0.024,0.946,-0.071,-0.316,-0.160,1.115,-0.255
2016-11-17 02:11:51.567,1.195,-0.024,0.946,-0.071,-0.316,-0.160,1.115,-0.255
2016-11-17 02:11:51.578,1.216,-0.024,0.946,-0.072,-0.316,-0.160,1.115,-0.255
2016-11-17 02:11:51.590,1.216,-0.024,0.946,-0.072,-0.316,-0.160,1.115,-0.255
2016-11-17 02:11:51.600,1.237,-0.024,0.946,-0.072,-0.317,-0.160,1.115,-0.255
2016-11-17 02:11:51.612,1.237,-0.024,0.946,-0.072,-0.317,-0.160,1.115,-0.254
2016-11-17 02:11:51.623,1.259,-0.024,0.945,-0.072,-0.317,-0.160,1.115,-0.255
2016-11-17 02:11:51.634,1.259,-0.025,0.945,-0.072,-0.317,-0.160,1.115,-0.255
2016-11-17 02:11:51.645,1.280,-0.024,0.945,-0.072,-0.317,-0.160,1.115,-0.255
2016-11-17 02:11:51.656,1.301,-0.024,0.945,-0.073,-0.317,-0.160,1.114,-0.255
2016-11-17 02:11:51.667,1.301,-0.024,0.945,-0.073,-0.317,-0.160,1.114,-0.255
2016-11-17 02:11:51.678,1.323,-0.024,0.946,-0.073,-0.316,-0.160,1.114,-0.255
2016-11-17 02:11:51.689,1.323,-0.024,0.946,-0.074,-0.316,-0.160,1.114,-0.255
2016-11-17 02:11:51.700,1.323,-0.024,0.946,-0.074,-0.315,-0.160,1.114,-0.255
2016-11-17 02:11:51.712,1.344,-0.023,0.946,-0.074,-0.315,-0.160,1.114,-0.255
2016-11-17 02:11:51.723,1.344,-0.023,0.946,-0.075,-0.314,-0.160,1.114,-0.255
2016-11-17 02:11:51.734,1.365,-0.023,0.946,-0.075,-0.314,-0.160,1.114,-0.255
2016-11-17 02:11:51.745,1.387,-0.023,0.947,-0.076,-0.313,-0.160,1.114,-0.255
2016-11-17 02:11:51.757,1.387,-0.023,0.947,-0.076,-0.312,-0.160,1.114,-0.255
2016-11-17 02:11:51.768,1.408,-0.023,0.947,-0.077,-0.311,-0.160,1.114,-0.255
2016-11-17 02:11:51.779,1.408,-0.023,0.947,-0.077,-0.310,-0.160,1.114,-0.255
2016-11-17 02:11:51.790,1.429,-0.023,0.948,-0.078,-0.309,-0.160,1.114,-0.255
2016-11-17 02:11:51.801,1.429,-0.023,0.948,-0.079,-0.308,-0.160,1.114,-0.256
2016-11-17 02:11:51.812,1.451,-0.023,0.948,-0.079,-0.306,-0.160,1.114,-0.256
2016-11-17 02:11:51.824,1.451,-0.023,0.949,-0.080,-0.305,-0.160,1.114,-0.256
2016-11-17 02:11:51.835,1.472,-0.023,0.949,-0.081,-0.304,-0.160,1.114,-0.256
2016-11-17 02:11:51.846,1.493,-0.023,0.949,-0.082,-0.303,-0.160,1.113,-0.256
2016-11-17 02:11:51.857,1.493,-0.023,0.950,-0.082,-0.301,-0.160,1.113,-0.256
2016-11-17 02:11:51.868,1.493,-0.023,0.950,-0.083,-0.300,-0.160,1.113,-0.256
2016-11-17 02:11:51.879,1.515,-0.024,0.950,-0.084,-0.298,-0.159,1.113,-0.257
2016-11-17 02:11:51.891,1.515,-0.024,0.951,-0.085,-0.297,-0.159,1.113,-0.257
2016-11-17 02:11:51.901,1.536,-0.024,0.951,-0.086,-0.295,-0.159,1.113,-0.257
2016-11-17 02:11:51.913,1.536,-0.024,0.952,-0.086,-0.293,-0.159,1.113,-0.257
2016-11-17 02:11:51.924,1.557,-0.024,0.952,-0.087,-0.291,-0.159,1.112,-0.257
2016-11-17 02:11:51.935,1.579,-0.024,0.953,-0.088,-0.289,-0.159,1.112,-0.257
2016-11-17 02:11:51.947,1.579,-0.024,0.953,-0.089,-0.287,-0.159,1.112,-0.258
2016-11-17 02:11:51.958,1.600,-0.024,0.954,-0.090,-0.285,-0.158,1.112,-0.258
2016-11-17 02:11:51.969,1.600,-0.024,0.955,-0.090,-0.283,-0.158,1.112,-0.258
2016-11-17 02:11:51.980,1.621,-0.024,0.955,-0.091,-0.281,-0.158,1.112,-0.258
2016-11-17 02:11:51.991,1.621,-0.024,0.956,-0.092,-0.279,-0.158,1.112,-0.259
2016-11-17 02:11:52.002,1.643,-0.024,0.956,-0.093,-0.277,-0.158,1.112,-0.259
2016-11-17 02:11:52.014,1.643,-0.024,0.956,-0.093,-0.276,-0.158,1.112,-0.259
2016-11-17 02:11:52.024,1.664,-0.024,0.957,-0.094,-0.274,-0.157,1.112,-0.259
2016-11-17 02:11:52.036,1.664,-0.024,0.957,-0.094,-0.273,-0.157,1.112,-0.259
2016-11-17 02:11:52.047,1.685,-0.024,0.957,-0.094,-0.272,-0.157,1.112,-0.259
2016-11-17 02:11:52.058,1.685,-0.023,0.958,-0.094,-0.271,-0.157,1.112,-0.260
2016-11-17 02:11:52.069,1.707,-0.023,0.958,-0.095,-0.271,-0.157,1.111,-0.260
2016-11-17 02:11:52.081,1.707,-0.023,0.958,-0.095,-0.270,-0.157,1.111,-0.260
2016-11-17 02:11:52.091,1.728,-0.023,0.958,-0.095,-0.270,-0.157,1.111,-0.260
2016-11-17 02:11:52.102,1.728,-0.023,0.958,-0.095,-0.270,-0.156,1.111,-0.260
2016-11-17 02:11:52.114,1.749,-0.023,0.958,-0.095,-0.270,-0.156,1.111,-0.260
2016-11-17 02:11:52.126,1.771,-0.023,0.958,-0.095,-0.270,-0.156,1.111,-0.260
2016-11-17 02:11:52.137,1.771,-0.023,0.958,-0.095,-0.271,-0.156,1.111,-0.260
2016-11-17 02:11:52.148,1.792,-0.024,0.958,-0.094,-0.271,-0.156,1.111,-0.260
2016-11-17 02:11:52.159,1.792,-0.024,0.957,-0.094,-0.273,-0.156,1.111,-0.260
2016-11-17 02:11:52.170,1.813,-0.025,0.957,-0.094,-0.274,-0.156,1.111,-0.260
2016-11-17 02:11:52.182,1.813,-0.026,0.956,-0.094,-0.275,-0.157,1.111,-0.260
2016-11-17 02:11:52.192,1.813,-0.027,0.956,-0.093,-0.277,-0.157,1.111,-0.259
2016-11-17 02:11:52.203,1.835,-0.028,0.955,-0.093,-0.279,-0.157,1.111,-0.259
2016-11-17 02:11:52.214,1.856,-0.029,0.955,-0.092,-0.281,-0.157,1.111,-0.259
2016-11-17 02:11:52.226,1.856,-0.030,0.954,-0.092,-0.283,-0.157,1.111,-0.259
2016-11-17 02:11:52.237,1.877,-0.031,0.954,-0.092,-0.285,-0.157,1.112,-0.259
2016-11-17 02:11:52.248,1.877,-0.032,0.953,-0.091,-0.287,-0.158,1.112,-0.259
2016-11-17 02:11:52.259,1.899,-0.033,0.952,-0.091,-0.290,-0.158,1.112,-0.259
2016-11-17 02:11:52.270,1.899,-0.033,0.952,-0.091,-0.292,-0.158,1.112,-0.258
2016-11-17 02:11:52.281,1.920,-0.034,0.951,-0.090,-0.294,-0.158,1.112,-0.258
2016-11-17 02:11:52.293,1.920,-0.035,0.950,-0.090,-0.297,-0.158,1.112,-0.258
2016-11-17 02:11:52.303,1.941,-0.035,0.949,-0.090,-0.299,-0.158,1.112,-0.258
2016-11-17 02:11:52.316,1.963,-0.035,0.949,-0.089,-0.301,-0.158,1.112,-0.257
2016-11-17 02:11:52.326,1.963,-0.036,0.948,-0.089,-0.304,-0.158,1.112,-0.257
2016-11-17 02:11:52.338,1.984,-0.036,0.947,-0.088,-0.306,-0.159,1.112,-0.257
2016-11-17 02:11:52.349,1.984,-0.036,0.947,-0.088,-0.308,-0.159,1.112,-0.256
2016-11-17 02:11:52.360,1.984,-0.036,0.946,-0.088,-0.310,-0.159,1.112,-0.256
2016-11-17 02:11:52.371,2.005,-0.036,0.945,-0.088,-0.312,-0.159,1.112,-0.256
2016-11-17 02:11:52.382,2.005,-0.036,0.945,-0.087,-0.314,-0.159,1.112,-0.256
2016-11-17 02:11:52.393,2.027,-0.036,0.944,-0.087,-0.315,-0.159,1.112,-0.255
2016-11-17 02:11:52.404,2.048,-0.036,0.944,-0.087,-0.317,-0.159,1.112,-0.255
2016-11-17 02:11:52.416,2.048,-0.036,0.943,-0.087,-0.318,-0.159,1.112,-0.255
2016-11-17 02:11:52.427,2.069,-0.036,0.943,-0.087,-0.320,-0.159,1.112,-0.254
2016-11-17 02:11:52.438,2.069,-0.035,0.942,-0.087,-0.321,-0.159,1.112,-0.254
2016-11-17 02:11:52.449,2.091,-0.035,0.942,-0.086,-0.322,-0.159,1.112,-0.254
2016-11-17 02:11:52.460,2.091,-0.035,0.942,-0.086,-0.324,-0.159,1.112,-0.254
2016-11-17 02:11:52.471,2.112,-0.035,0.941,-0.086,-0.325,-0.159,1.112,-0.253
2016-11-17 02:11:52.482,2.112,-0.035,0.941,-0.086,-0.327,-0.159,1.112,-0.253
2016-11-17 02:11:52.493,2.133,-0.034,0.940,-0.086,-0.328,-0.159,1.112,-0.253
2016-11-17 02:11:52.505,2.133,-0.034,0.939,-0.086,-0.330,-0.159,1.112,-0.253
2016-11-17 02:11:52.516,2.155,-0.033,0.939,-0.086,-0.332,-0.159,1.112,-0.252
2016-11-17 02:11:52.528,2.155,-0.033,0.938,-0.086,-0.334,-0.159,1.112,-0.252
2016-11-17 02:11:52.538,2.176,-0.032,0.938,-0.085,-0.335,-0.159,1.113,-0.252
2016-11-17 02:11:52.550,2.176,-0.032,0.937,-0.085,-0.337,-0.160,1.113,-0.252
2016-11-17 02:11:52.561,2.197,-0.032,0.936,-0.085,-0.339,-0.160,1.113,-0.252
2016-11-17 02:11:52.572,2.197,-0.031,0.936,-0.085,-0.341,-0.160,1.113,-0.251
2016-11-17 02:11:52.583,2.219,-0.031,0.935,-0.085,-0.343,-0.160,1.113,-0.251
2016-11-17 02:11:52.595,2.240,-0.031,0.934,-0.085,-0.345,-0.160,1.113,-0.251
2016-11-17 02:11:52.606,2.240,-0.030,0.934,-0.084,-0.347,-0.160,1.113,-0.251
2016-11-17 02:11:52.616,2.261,-0.030,0.933,-0.084,-0.348,-0.161,1.113,-0.251
2016-11-17 02:11:52.628,2.261,-0.030,0.933,-0.084,-0.350,-0.161,1.113,-0.251
2016-11-17 02:11:52.639,2.283,-0.029,0.932,-0.084,-0.351,-0.161,1.113,-0.251
2016-11-17 02:11:52.650,2.283,-0.029,0.932,-0.084,-0.352,-0.161,1.113,-0.251
2016-11-17 02:11:52.661,2.304,-0.029,0.932,-0.084,-0.352,-0.161,1.113,-0.251
2016-11-17 02:11:52.673,2.304,-0.028,0.932,-0.083,-0.351,-0.161,1.113,-0.250
2016-11-17 02:11:52.683,2.304,-0.027,0.933,-0.083,-0.349,-0.160,1.113,-0.251
2016-11-17 02:11:52.695,2.325,-0.026,0.934,-0.083,-0.346,-0.160,1.113,-0.251
2016-11-17 02:11:52.706,2.347,-0.026,0.936,-0.083,-0.342,-0.160,1.113,-0.251
2016-11-17 02:11:52.718,2.347,-0.024,0.937,-0.083,-0.338,-0.159,1.114,-0.251
2016-11-17 02:11:52.728,2.368,-0.024,0.940,-0.083,-0.331,-0.158,1.114,-0.252
2016-11-17 02:11:52.739,2.368,-0.023,0.942,-0.083,-0.324,-0.158,1.114,-0.252
2016-11-17 02:11:52.751,2.389,-0.023,0.945,-0.083,-0.316,-0.157,1.114,-0.253
2016-11-17 02:11:52.762,2.389,-0.023,0.948,-0.083,-0.307,-0.156,1.114,-0.253
2016-11-17 02:11:52.773,2.411,-0.024,0.951,-0.083,-0.297,-0.154,1.114,-0.254
2016-11-17 02:11:52.784,2.432,-0.024,0.954,-0.084,-0.288,-0.153,1.114,-0.254
2016-11-17 02:11:52.795,2.432,-0.023,0.957,-0.084,-0.278,-0.152,1.115,-0.255
2016-11-17 02:11:52.806,2.453,-0.023,0.960,-0.084,-0.267,-0.151,1.115,-0.255
2016-11-17 02:11:52.818,2.453,-0.023,0.963,-0.084,-0.256,-0.150,1.115,-0.256
2016-11-17 02:11:52.829,2.475,-0.023,0.966,-0.084,-0.245,-0.149,1.115,-0.256
2016-11-17 02:11:52.840,2.475,-0.023,0.968,-0.084,-0.234,-0.147,1.115,-0.257
2016-11-17 02:11:52.851,2.475,-0.022,0.971,-0.083,-0.223,-0.146,1.115,-0.258
2016-11-17 02:11:52.862,2.496,-0.021,0.974,-0.083,-0.211,-0.144,1.115,-0.258
2016-11-17 02:11:52.873,2.496,-0.021,0.976,-0.082,-0.199,-0.143,1.116,-0.259
2016-11-17 02:11:52.885,2.517,-0.021,0.979,-0.082,-0.187,-0.141,1.116,-0.259
2016-11-17 02:11:52.896,2.539,-0.020,0.981,-0.081,-0.176,-0.140,1.116,-0.260
2016-11-17 02:11:52.908,2.539,-0.020,0.983,-0.081,-0.165,-0.138,1.116,-0.260
2016-11-17 02:11:52.918,2.560,-0.019,0.985,-0.080,-0.154,-0.137,1.116,-0.260
2016-11-17 02:11:52.929,2.560,-0.018,0.986,-0.079,-0.143,-0.135,1.116,-0.260
2016-11-17 02:11:52.941,2.581,-0.017,0.988,-0.079,-0.133,-0.133,1.116,-0.260
2016-11-17 02:11:52.952,2.581,-0.016,0.989,-0.078,-0.124,-0.132,1.117,-0.260
2016-11-17 02:11:52.963,2.603,-0.015,0.990,-0.078,-0.115,-0.131,1.117,-0.260
2016-11-17 02:11:52.974,2.624,-0.015,0.991,-0.077,-0.106,-0.129,1.117,-0.260
2016-11-17 02:11:52.985,2.624,-0.014,0.992,-0.076,-0.098,-0.128,1.117,-0.260
2016-11-17 02:11:52.996,2.624,-0.014,0.993,-0.075,-0.091,-0.127,1.117,-0.260
2016-11-17 02:11:53.007,2.645,-0.014,0.994,-0.074,-0.083,-0.125,1.118,-0.259
2016-11-17 02:11:53.019,2.645,-0.013,0.994,-0.073,-0.076,-0.124,1.118,-0.259
2016-11-17 02:11:53.030,2.667,-0.013,0.995,-0.072,-0.070,-0.123,1.118,-0.259
2016-11-17 02:11:53.041,2.667,-0.012,0.995,-0.071,-0.063,-0.122,1.118,-0.259
2016-11-17 02:11:53.052,2.688,-0.012,0.996,-0.070,-0.056,-0.121,1.119,-0.258
2016-11-17 02:11:53.063,2.688,-0.011,0.996,-0.069,-0.050,-0.119,1.119,-0.258
2016-11-17 02:11:53.075,2.709,-0.011,0.997,-0.067,-0.044,-0.118,1.119,-0.258
2016-11-17 02:11:53.086,2.731,-0.011,0.997,-0.066,-0.038,-0.117,1.119,-0.257
2016-11-17 02:11:53.097,2.731,-0.011,0.997,-0.064,-0.033,-0.116,1.120,-0.257
2016-11-17 02:11:53.108,2.752,-0.011,0.998,-0.063,-0.028,-0.115,1.120,-0.257
2016-11-17 02:11:53.120,2.752,-0.011,0.998,-0.062,-0.024,-0.114,1.120,-0.256
2016-11-17 02:11:53.130,2.773,-0.010,0.998,-0.061,-0.019,-0.113,1.120,-0.256
2016-11-17 02:11:53.142,2.773,-0.010,0.998,-0.059,-0.015,-0.111,1.121,-0.255
2016-11-17 02:11:53.153,2.795,-0.009,0.998,-0.058,-0.010,-0.110,1.121,-0.255
2016-11-17 02:11:53.164,2.795,-0.009,0.998,-0.057,-0.004,-0.109,1.121,-0.255
2016-11-17 02:11:53.175,2.816,-0.008,0.998,-0.056,0.001,-0.108,1.121,-0.254
2016-11-17 02:11:53.186,2.816,-0.008,0.998,-0.055,0.006,-0.107,1.121,-0.254
2016-11-17 02:11:53.197,2.837,-0.008,0.998,-0.055,0.011,-0.105,1.122,-0.254
2016-11-17 02:11:53.209,2.837,-0.007,0.998,-0.054,0.016,-0.104,1.122,-0.253
2016-11-17 02:11:53.219,2.859,-0.007,0.998,-0.054,0.021,-0.103,1.122,-0.253
2016-11-17 02:11:53.231,2.859,-0.007,0.998,-0.054,0.027,-0.102,1.122,-0.252
2016-11-17 02:11:53.242,2.880,-0.006,0.998,-0.054,0.032,-0.100,1.122,-0.252
2016-11-17 02:11:53.253,2.880,-0.006,0.998,-0.054,0.037,-0.099,1.122,-0.252
2016-11-17 02:11:53.265,2.901,-0.005,0.998,-0.054,0.042,-0.098,1.122,-0.251
2016-11-17 02:11:53.276,2.923,-0.005,0.997,-0.054,0.048,-0.097,1.122,-0.251
2016-11-17 02:11:53.287,2.923,-0.004,0.997,-0.055,0.054,-0.096,1.122,-0.251
2016-11-17 02:11:53.298,2.944,-0.003,0.997,-0.055,0.059,-0.094,1.122,-0.250
2016-11-17 02:11:53.309,2.944,-0.003,0.996,-0.055,0.066,-0.093,1.121,-0.250
2016-11-17 02:11:53.320,2.944,-0.002,0.996,-0.056,0.072,-0.092,1.121,-0.250
2016-11-17 02:11:53.331,2.965,-0.001,0.995,-0.056,0.078,-0.091,1.121,-0.250
2016-11-17 02:11:53.342,2.965,-0.001,0.995,-0.057,0.084,-0.089,1.121,-0.249
2016-11-17 02:11:53.354,2.987,0.000,0.994,-0.057,0.091,-0.088,1.121,-0.249
2016-11-17 02:11:53.365,3.008,0.001,0.994,-0.058,0.097,-0.087,1.121,-0.249
2016-11-17 02:11:53.376,3.008,0.001,0.993,-0.059,0.104,-0.085,1.121,-0.249
2016-11-17 02:11:53.387,3.029,0.002,0.992,-0.060,0.110,-0.084,1.121,-0.248
2016-11-17 02:11:53.398,3.029,0.003,0.991,-0.061,0.117,-0.083,1.120,-0.248
2016-11-17 02:11:53.409,3.051,0.004,0.991,-0.062,0.123,-0.082,1.120,-0.247
2016-11-17 02:11:53.421,3.051,0.005,0.990,-0.062,0.129,-0.081,1.120,-0.247
2016-11-17 02:11:53.432,3.072,0.006,0.989,-0.064,0.135,-0.080,1.119,-0.247
2016-11-17 02:11:53.444,3.072,0.008,0.988,-0.065,0.142,-0.079,1.119,-0.246
2016-11-17 02:11:53.455,3.093,0.010,0.987,-0.066,0.148,-0.078,1.119,-0.246
2016-11-17 02:11:53.466,3.115,0.011,0.986,-0.067,0.154,-0.077,1.119,-0.246
2016-11-17 02:11:53.477,3.115,0.013,0.985,-0.068,0.160,-0.076,1.118,-0.245
2016-11-17 02:11:53.488,3.115,0.014,0.984,-0.070,0.165,-0.075,1.118,-0.245
2016-11-17 02:11:53.499,3.136,0.015,0.983,-0.071,0.170,-0.074,1.118,-0.245
2016-11-17 02:11:53.510,3.136,0.016,0.982,-0.073,0.175,-0.074,1.117,-0.245
2016-11-17 02:11:53.521,3.157,0.018,0.981,-0.074,0.180,-0.073,1.117,-0.245
2016-11-17 02:11:53.533,3.157,0.019,0.980,-0.076,0.184,-0.072,1.117,-0.244
2016-11-17 02:11:53.544,3.179,0.020,0.979,-0.077,0.189,-0.072,1.117,-0.244
2016-11-17 02:11:53.555,3.200,0.021,0.978,-0.078,0.193,-0.071,1.116,-0.244
2016-11-17 02:11:53.566,3.200,0.022,0.977,-0.079,0.196,-0.070,1.116,-0.244
2016-11-17 02:11:53.577,3.221,0.023,0.976,-0.080,0.200,-0.070,1.116,-0.244
2016-11-17 02:11:53.589,3.221,0.024,0.975,-0.080,0.204,-0.069,1.116,-0.244
2016-11-17 02:11:53.599,3.243,0.026,0.975,-0.081,0.207,-0.069,1.116,-0.243
2016-11-17 02:11:53.611,3.243,0.027,0.974,-0.082,0.210,-0.068,1.116,-0.243
2016-11-17 02:11:53.621,3.264,0.028,0.973,-0.082,0.213,-0.068,1.115,-0.243
2016-11-17 02:11:53.633,3.264,0.028,0.972,-0.083,0.216,-0.067,1.115,-0.243
2016-11-17 02:11:53.644,3.285,0.029,0.972,-0.083,0.219,-0.067,1.115,-0.243
2016-11-17 02:11:53.656,3.285,0.029,0.971,-0.083,0.222,-0.066,1.115,-0.243
2016-11-17 02:11:53.667,3.307,0.030,0.970,-0.084,0.225,-0.066,1.115,-0.243
2016-11-17 02:11:53.678,3.307,0.030,0.970,-0.084,0.228,-0.065,1.115,-0.243
2016-11-17 02:11:53.689,3.328,0.031,0.969,-0.084,0.231,-0.065,1.115,-0.243
2016-11-17 02:11:53.700,3.328,0.031,0.968,-0.085,0.233,-0.064,1.115,-0.243
2016-11-17 02:11:53.711,3.349,0.032,0.967,-0.085,0.236,-0.064,1.115,-0.243
2016-11-17 02:11:53.723,3.349,0.032,0.967,-0.086,0.239,-0.064,1.115,-0.243
2016-11-17 02:11:53.733,3.371,0.032,0.966,-0.087,0.242,-0.063,1.115,-0.242
2016-11-17 02:11:53.745,3.392,0.033,0.965,-0.088,0.244,-0.063,1.115,-0.242
2016-11-17 02:11:53.756,3.392,0.033,0.964,-0.089,0.247,-0.062,1.114,-0.242
2016-11-17 02:11:53.767,3.413,0.033,0.964,-0.090,0.250,-0.062,1.114,-0.242
2016-11-17 02:11:53.779,3.413,0.033,0.963,-0.091,0.253,-0.061,1.114,-0.242
2016-11-17 02:11:53.789,3.435,0.033,0.962,-0.092,0.255,-0.061,1.114,-0.242
2016-11-17 02:11:53.800,3.435,0.034,0.961,-0.093,0.258,-0.061,1.113,-0.242
2016-11-17 02:11:53.811,3.435,0.034,0.960,-0.094,0.261,-0.060,1.113,-0.242
2016-11-17 02:11:53.823,3.456,0.034,0.960,-0.094,0.263,-0.060,1.113,-0.241
2016-11-17 02:11:53.834,3.456,0.034,0.959,-0.095,0.266,-0.060,1.113,-0.241
2016-11-17 02:11:53.845,3.477,0.034,0.958,-0.096,0.268,-0.059,1.113,-0.241
2016-11-17 02:11:53.857,3.499,0.034,0.958,-0.097,0.270,-0.059,1.113,-0.241
2016-11-17 02:11:53.868,3.499,0.034,0.957,-0.097,0.271,-0.059,1.113,-0.241
2016-11-17 02:11:53.879,3.520,0.034,0.957,-0.097,0.273,-0.059,1.113,-0.241
2016-11-17 02:11:53.891,3.520,0.033,0.956,-0.097,0.273,-0.059,1.113,-0.241
2016-11-17 02:11:53.901,3.541,0.033,0.956,-0.097,0.274,-0.058,1.113,-0.241
2016-11-17 02:11:53.913,3.541,0.032,0.957,-0.095,0.274,-0.058,1.113,-0.241
2016-11-17 02:11:53.923,3.563,0.032,0.957,-0.094,0.273,-0.058,1.113,-0.241
2016-11-17 02:11:53.934,3.584,0.031,0.957,-0.093,0.272,-0.059,1.114,-0.241
2016-11-17 02:11:53.946,3.584,0.030,0.958,-0.091,0.271,-0.059,1.114,-0.241
2016-11-17 02:11:53.957,3.605,0.030,0.958,-0.090,0.270,-0.059,1.114,-0.241
2016-11-17 02:11:53.968,3.605,0.029,0.959,-0.089,0.268,-0.059,1.115,-0.241
2016-11-17 02:11:53.979,3.605,0.028,0.960,-0.088,0.265,-0.060,1.115,-0.241
2016-11-17 02:11:53.990,3.627,0.027,0.960,-0.087,0.263,-0.060,1.115,-0.241
2016-11-17 02:11:54.001,3.627,0.026,0.961,-0.087,0.261,-0.060,1.115,-0.241
2016-11-17 02:11:54.013,3.648,0.025,0.962,-0.086,0.258,-0.061,1.116,-0.242
2016-11-17 02:11:54.024,3.648,0.024,0.963,-0.085,0.255,-0.061,1.116,-0.242
2016-11-17 02:11:54.035,3.669,0.023,0.964,-0.084,0.252,-0.062,1.116,-0.242
2016-11-17 02:11:54.046,3.691,0.022,0.965,-0.083,0.249,-0.062,1.116,-0.242
2016-11-17 02:11:54.057,3.691,0.021,0.966,-0.083,0.245,-0.063,1.117,-0.242
2016-11-17 02:11:54.069,3.712,0.020,0.967,-0.082,0.241,-0.064,1.117,-0.242
2016-11-17 02:11:54.080,3.712,0.019,0.968,-0.081,0.237,-0.064,1.117,-0.242
2016-11-17 02:11:54.091,3.733,0.018,0.969,-0.081,0.232,-0.065,1.117,-0.243
2016-11-17 02:11:54.102,3.733,0.016,0.971,-0.080,0.226,-0.066,1.117,-0.243
2016-11-17 02:11:54.113,3.755,0.015,0.972,-0.080,0.219,-0.067,1.117,-0.243
2016-11-17 02:11:54.125,3.755,0.013,0.974,-0.079,0.212,-0.068,1.118,-0.244
2016-11-17 02:11:54.135,3.776,0.012,0.976,-0.079,0.204,-0.069,1.118,-0.244
2016-11-17 02:11:54.147,3.776,0.010,0.978,-0.078,0.194,-0.070,1.118,-0.245
2016-11-17 02:11:54.158,3.797,0.008,0.980,-0.078,0.183,-0.072,1.119,-0.245
2016-11-17 02:11:54.169,3.797,0.006,0.982,-0.077,0.171,-0.073,1.119,-0.246
2016-11-17 02:11:54.180,3.819,0.004,0.985,-0.075,0.157,-0.075,1.120,-0.247
2016-11-17 02:11:54.192,3.819,0.002,0.987,-0.073,0.142,-0.077,1.120,-0.248
2016-11-17 02:11:54.203,3.840,0.001,0.990,-0.071,0.124,-0.079,1.121,-0.249
2016-11-17 02:11:54.214,3.840,0.000,0.992,-0.069,0.107,-0.081,1.121,-0.249
2016-11-17 02:11:54.225,3.861,-0.002,0.994,-0.067,0.090,-0.084,1.122,-0.250
2016-11-17 02:11:54.236,3.883,-0.003,0.995,-0.066,0.072,-0.086,1.122,-0.251
2016-11-17 02:11:54.248,3.883,-0.004,0.996,-0.065,0.054,-0.088,1.123,-0.251
2016-11-17 02:11:54.259,3.904,-0.006,0.997,-0.064,0.034,-0.091,1.123,-0.252
2016-11-17 02:11:54.270,3.904,-0.007,0.998,-0.063,0.015,-0.093,1.123,-0.253
2016-11-17 02:11:54.281,3.925,-0.009,0.998,-0.061,-0.005,-0.096,1.124,-0.253
2016-11-17 02:11:54.292,3.925,-0.010,0.998,-0.060,-0.026,-0.099,1.124,-0.253
2016-11-17 02:11:54.303,3.925,-0.011,0.997,-0.059,-0.047,-0.101,1.124,-0.254
2016-11-17 02:11:54.314,3.947,-0.012,0.996,-0.057,-0.068,-0.104,1.125,-0.254
2016-11-17 02:11:54.326,3.968,-0.012,0.994,-0.057,-0.089,-0.107,1.125,-0.254
2016-11-17 02:11:54.336,3.968,-0.013,0.992,-0.056,-0.110,-0.110,1.125,-0.255
2016-11-17 02:11:54.348,3.989,-0.013,0.990,-0.055,-0.132,-0.113,1.125,-0.255
2016-11-17 02:11:54.359,3.989,-0.013,0.987,-0.054,-0.153,-0.115,1.126,-0.254
2016-11-17 02:11:54.370,4.011,-0.014,0.983,-0.054,-0.174,-0.118,1.126,-0.254
2016-11-17 02:11:54.381,4.011,-0.013,0.979,-0.054,-0.196,-0.121,1.126,-0.254
2016-11-17 02:11:54.393,4.032,-0.013,0.975,-0.054,-0.217,-0.123,1.126,-0.253
2016-11-17 02:11:54.404,4.032,-0.013,0.970,-0.055,-0.237,-0.126,1.126,-0.252
2016-11-17 02:11:54.415,4.053,-0.012,0.965,-0.056,-0.258,-0.128,1.126,-0.252
2016-11-17 02:11:54.427,4.075,-0.011,0.959,-0.056,-0.278,-0.131,1.126,-0.251
2016-11-17 02:11:54.438,4.075,-0.010,0.953,-0.057,-0.297,-0.133,1.126,-0.250
2016-11-17 02:11:54.448,4.096,-0.009,0.947,-0.057,-0.317,-0.135,1.126,-0.249
2016-11-17 02:11:54.460,4.096,-0.009,0.940,-0.057,-0.336,-0.137,1.126,-0.248
2016-11-17 02:11:54.471,4.096,-0.009,0.933,-0.057,-0.354,-0.139,1.126,-0.247
2016-11-17 02:11:54.482,4.117,-0.008,0.926,-0.058,-0.372,-0.142,1.126,-0.246
2016-11-17 02:11:54.493,4.117,-0.008,0.919,-0.057,-0.389,-0.144,1.126,-0.245
2016-11-17 02:11:54.504,4.139,-0.007,0.912,-0.057,-0.406,-0.145,1.126,-0.244
2016-11-17 02:11:54.516,4.160,-0.007,0.905,-0.056,-0.422,-0.147,1.126,-0.243
2016-11-17 02:11:54.526,4.160,-0.007,0.898,-0.056,-0.437,-0.149,1.126,-0.242
2016-11-17 02:11:54.538,4.181,-0.007,0.890,-0.055,-0.452,-0.151,1.126,-0.241
2016-11-17 02:11:54.549,4.181,-0.007,0.883,-0.054,-0.466,-0.152,1.126,-0.240
2016-11-17 02:11:54.560,4.203,-0.007,0.876,-0.054,-0.480,-0.154,1.127,-0.239
2016-11-17 02:11:54.571,4.203,-0.007,0.869,-0.052,-0.493,-0.155,1.126,-0.238
2016-11-17 02:11:54.583,4.224,0.007,-0.861,0.052,0.505,-0.156,1.127,-0.237
2016-11-17 02:11:54.594,4.224,0.007,-0.854,0.052,0.517,-0.158,1.127,-0.236
2016-11-17 02:11:54.605,4.245,0.008,-0.847,0.051,0.529,-0.159,1.126,-0.235
2016-11-17 02:11:54.616,4.245,0.009,-0.840,0.051,0.540,-0.160,1.126,-0.234
2016-11-17 02:11:54.627,4.267,0.010,-0.833,0.051,0.551,-0.161,1.126,-0.233
2016-11-17 02:11:54.638,4.267,0.010,-0.826,0.051,0.561,-0.162,1.126,-0.231
2016-11-17 02:11:54.649,4.288,0.011,-0.819,0.051,0.571,-0.163,1.126,-0.231
2016-11-17 02:11:54.661,4.288,0.011,-0.813,0.051,0.580,-0.164,1.126,-0.229
2016-11-17 02:11:54.672,4.309,0.012,-0.806,0.051,0.589,-0.165,1.126,-0.228
2016-11-17 02:11:54.683,4.309,0.013,-0.800,0.051,0.598,-0.165,1.126,-0.227
2016-11-17 02:11:54.694,4.331,0.013,-0.793,0.051,0.606,-0.166,1.126,-0.226
2016-11-17 02:11:54.705,4.352,0.014,-0.787,0.052,0.614,-0.167,1.126,-0.226
2016-11-17 02:11:54.717,4.352,0.014,-0.781,0.052,0.622,-0.168,1.126,-0.224
2016-11-17 02:11:54.727,4.373,0.015,-0.775,0.052,0.630,-0.168,1.126,-0.224
2016-11-17 02:11:54.739,4.373,0.016,-0.769,0.052,0.637,-0.169,1.126,-0.223
2016-11-17 02:11:54.750,4.395,0.017,-0.763,0.052,0.644,-0.170,1.126,-0.221
2016-11-17 02:11:54.761,4.395,0.018,-0.757,0.051,0.651,-0.170,1.126,-0.220
2016-11-17 02:11:54.772,4.416,0.019,-0.751,0.050,0.658,-0.171,1.127,-0.219
2016-11-17 02:11:54.784,4.416,0.021,-0.745,0.049,0.665,-0.172,1.127,-0.218
2016-11-17 02:11:54.795,4.437,0.021,-0.738,0.048,0.673,-0.172,1.127,-0.217
2016-11-17 02:11:54.806,4.437,0.022,-0.732,0.048,0.679,-0.173,1.127,-0.216
2016-11-17 02:11:54.817,4.459,0.023,-0.726,0.047,0.686,-0.174,1.127,-0.214
2016-11-17 02:11:54.828,4.459,0.024,-0.719,0.047,0.692,-0.174,1.127,-0.213
2016-11-17 02:11:54.839,4.480,0.025,-0.714,0.047,0.698,-0.175,1.127,-0.211
2016-11-17 02:11:54.851,4.480,0.026,-0.708,0.048,0.704,-0.175,1.127,-0.210
2016-11-17 02:11:54.862,4.501,0.028,-0.703,0.047,0.710,-0.175,1.127,-0.209
2016-11-17 02:11:54.873,4.501,0.028,-0.697,0.047,0.715,-0.176,1.127,-0.208
2016-11-17 02:11:54.884,4.523,0.029,-0.692,0.046,0.720,-0.176,1.127,-0.206
2016-11-17 02:11:54.895,4.544,0.030,-0.686,0.044,0.725,-0.176,1.127,-0.205
2016-11-17 02:11:54.907,4.544,0.031,-0.681,0.043,0.730,-0.177,1.128,-0.204
2016-11-17 02:11:54.917,4.565,0.032,-0.676,0.042,0.735,-0.177,1.128,-0.202
2016-11-17 02:11:54.928,4.565,0.032,-0.671,0.041,0.740,-0.177,1.128,-0.201
2016-11-17 02:11:54.940,4.565,0.032,-0.666,0.040,0.744,-0.178,1.129,-0.200
2016-11-17 02:11:54.952,4.587,0.033,-0.661,0.038,0.749,-0.178,1.129,-0.198
2016-11-17 02:11:54.963,4.587,0.034,-0.655,0.037,0.754,-0.178,1.130,-0.197
2016-11-17 02:11:54.973,4.608,0.034,-0.650,0.035,0.758,-0.178,1.130,-0.196
2016-11-17 02:11:54.985,4.629,0.035,-0.645,0.034,0.763,-0.178,1.131,-0.194
2016-11-17 02:11:54.996,4.629,0.036,-0.639,0.032,0.768,-0.178,1.131,-0.193
2016-11-17 02:11:55.007,4.651,0.036,-0.634,0.031,0.772,-0.179,1.132,-0.192
2016-11-17 02:11:55.018,4.651,0.037,-0.628,0.029,0.777,-0.179,1.132,-0.191
2016-11-17 02:11:55.029,4.672,0.038,-0.622,0.028,0.781,-0.179,1.133,-0.189
2016-11-17 02:11:55.041,4.672,0.038,-0.616,0.027,0.786,-0.179,1.133,-0.188
2016-11-17 02:11:55.051,4.693,0.039,-0.610,0.025,0.791,-0.179,1.134,-0.187
2016-11-17 02:11:55.063,4.693,0.040,-0.604,0.024,0.795,-0.179,1.134,-0.186
2016-11-17 02:11:55.074,4.715,0.041,-0.598,0.023,0.800,-0.179,1.135,-0.185
2016-11-17 02:11:55.085,4.736,0.041,-0.592,0.022,0.805,-0.179,1.135,-0.183
2016-11-17 02:11:55.096,4.736,0.041,-0.585,0.021,0.810,-0.179,1.136,-0.182
2016-11-17 02:11:55.107,4.736,0.042,-0.579,0.020,0.814,-0.179,1.136,-0.181
2016-11-17 02:11:55.118,4.757,0.042,-0.573,0.019,0.819,-0.179,1.136,-0.180
2016-11-17 02:11:55.130,4.757,0.042,-0.566,0.018,0.823,-0.179,1.137,-0.179
2016-11-17 02:11:55.141,4.779,0.043,-0.559,0.017,0.828,-0.179,1.137,-0.178
2016-11-17 02:11:55.153,4.779,0.043,-0.552,0.015,0.832,-0.179,1.137,-0.177
2016-11-17 02:11:55.163,4.800,0.044,-0.545,0.014,0.837,-0.179,1.138,-0.176
2016-11-17 02:11:55.175,4.800,0.044,-0.538,0.013,0.842,-0.179,1.138,-0.175
2016-11-17 02:11:55.186,4.821,0.045,-0.530,0.011,0.847,-0.179,1.138,-0.174
2016-11-17 02:11:55.197,4.843,0.045,-0.521,0.009,0.852,-0.179,1.138,-0.173
2016-11-17 02:11:55.208,4.843,0.046,-0.512,0.008,0.857,-0.179,1.138,-0.173
2016-11-17 02:11:55.219,4.864,0.046,-0.504,0.007,0.863,-0.179,1.138,-0.171
2016-11-17 02:11:55.230,4.864,0.046,-0.495,0.007,0.868,-0.179,1.138,-0.171
2016-11-17 02:11:55.241,4.885,0.047,-0.486,0.006,0.873,-0.179,1.138,-0.170
2016-11-17 02:11:55.253,4.885,0.047,-0.477,0.006,0.877,-0.179,1.137,-0.169
2016-11-17 02:11:55.264,4.907,0.048,-0.468,0.006,0.882,-0.179,1.137,-0.168
2016-11-17 02:11:55.275,4.907,0.048,-0.460,0.006,0.887,-0.179,1.137,-0.167
2016-11-17 02:11:55.286,4.928,0.049,-0.451,0.006,0.891,-0.179,1.136,-0.166
2016-11-17 02:11:55.297,4.928,0.050,-0.443,0.006,0.895,-0.179,1.136,-0.166
2016-11-17 02:11:55.308,4.949,0.051,-0.434,0.005,0.899,-0.179,1.135,-0.165
2016-11-17 02:11:55.320,4.949,0.052,-0.426,0.005,0.903,-0.178,1.135,-0.164
2016-11-17 02:11:55.331,4.971,0.053,-0.417,0.004,0.907,-0.178,1.135,-0.164
2016-11-17 02:11:55.342,4.971,0.054,-0.408,0.003,0.911,-0.178,1.134,-0.163
2016-11-17 02:11:55.353,4.992,0.055,-0.399,0.002,0.915,-0.178,1.134,-0.163
2016-11-17 02:11:55.365,5.013,0.056,-0.390,0.001,0.919,-0.178,1.133,-0.162
2016-11-17 02:11:55.376,5.013,0.057,-0.381,0.000,0.923,-0.177,1.133,-0.161
2016-11-17 02:11:55.387,5.035,0.058,-0.372,0.000,0.926,-0.177,1.133,-0.161
2016-11-17 02:11:55.398,5.035,0.059,-0.363,-0.001,0.930,-0.176,1.132,-0.160
2016-11-17 02:11:55.409,5.056,0.060,-0.354,-0.001,0.933,-0.176,1.132,-0.160
2016-11-17 02:11:55.420,5.056,0.061,-0.345,-0.002,0.936,-0.176,1.132,-0.159
2016-11-17 02:11:55.431,5.056,0.063,-0.337,-0.002,0.940,-0.175,1.131,-0.159
2016-11-17 02:11:55.442,5.077,0.064,-0.328,-0.003,0.943,-0.175,1.131,-0.158
2016-11-17 02:11:55.454,5.077,0.065,-0.319,-0.004,0.946,-0.174,1.130,-0.158
2016-11-17 02:11:55.465,5.099,0.066,-0.310,-0.004,0.948,-0.173,1.130,-0.157
2016-11-17 02:11:55.476,5.120,0.067,-0.301,-0.004,0.951,-0.173,1.130,-0.157
2016-11-17 02:11:55.487,5.120,0.067,-0.293,-0.004,0.954,-0.172,1.130,-0.156
2016-11-17 02:11:55.498,5.141,0.068,-0.284,-0.004,0.956,-0.171,1.129,-0.156
2016-11-17 02:11:55.510,5.141,0.069,-0.275,-0.005,0.959,-0.170,1.129,-0.155
2016-11-17 02:11:55.521,5.163,0.070,-0.266,-0.006,0.961,-0.170,1.128,-0.155
2016-11-17 02:11:55.532,5.163,0.071,-0.258,-0.006,0.964,-0.169,1.128,-0.155
2016-11-17 02:11:55.543,5.184,0.072,-0.249,-0.007,0.966,-0.168,1.128,-0.154
2016-11-17 02:11:55.555,5.205,0.073,-0.240,-0.008,0.968,-0.167,1.127,-0.154
2016-11-17 02:11:55.566,5.205,0.074,-0.232,-0.008,0.970,-0.166,1.127,-0.154
2016-11-17 02:11:55.577,5.227,0.075,-0.223,-0.009,0.972,-0.165,1.127,-0.153
2016-11-17 02:11:55.588,5.227,0.075,-0.215,-0.010,0.974,-0.163,1.127,-0.153
2016-11-17 02:11:55.599,5.227,0.076,-0.208,-0.011,0.975,-0.162,1.127,-0.153
2016-11-17 02:11:55.610,5.248,0.076,-0.200,-0.012,0.977,-0.161,1.126,-0.153
2016-11-17 02:11:55.621,5.248,0.076,-0.193,-0.013,0.978,-0.160,1.126,-0.152
2016-11-17 02:11:55.632,5.269,0.077,-0.185,-0.015,0.980,-0.158,1.126,-0.153
2016-11-17 02:11:55.643,5.269,0.077,-0.178,-0.016,0.981,-0.157,1.126,-0.152
2016-11-17 02:11:55.655,5.291,0.077,-0.171,-0.017,0.982,-0.156,1.126,-0.153
2016-11-17 02:11:55.666,5.312,0.077,-0.164,-0.018,0.983,-0.154,1.126,-0.153
2016-11-17 02:11:55.677,5.312,0.078,-0.157,-0.020,0.984,-0.153,1.126,-0.153
2016-11-17 02:11:55.688,5.333,0.078,-0.151,-0.021,0.985,-0.152,1.126,-0.153
2016-11-17 02:11:55.699,5.333,0.077,-0.144,-0.023,0.986,-0.150,1.126,-0.153
2016-11-17 02:11:55.711,5.355,0.077,-0.138,-0.024,0.987,-0.149,1.126,-0.153
2016-11-17 02:11:55.722,5.355,0.076,-0.131,-0.025,0.988,-0.147,1.126,-0.153
2016-11-17 02:11:55.733,5.376,0.076,-0.124,-0.027,0.989,-0.146,1.126,-0.153
2016-11-17 02:11:55.744,5.376,0.076,-0.118,-0.028,0.990,-0.144,1.126,-0.153
2016-11-17 02:11:55.755,5.397,0.075,-0.111,-0.029,0.991,-0.143,1.126,-0.153
2016-11-17 02:11:55.767,5.397,0.074,-0.105,-0.030,0.991,-0.141,1.127,-0.153
2016-11-17 02:11:55.778,5.419,0.073,-0.098,-0.031,0.992,-0.140,1.127,-0.153
2016-11-17 02:11:55.789,5.419,0.072,-0.091,-0.032,0.993,-0.139,1.127,-0.153
2016-11-17 02:11:55.800,5.440,0.071,-0.085,-0.034,0.993,-0.137,1.127,-0.153
2016-11-17 02:11:55.811,5.440,0.070,-0.077,-0.035,0.994,-0.135,1.128,-0.153
2016-11-17 02:11:55.822,5.461,0.069,-0.070,-0.037,0.994,-0.134,1.128,-0.153
2016-11-17 02:11:55.833,5.461,0.067,-0.063,-0.038,0.995,-0.132,1.128,-0.153
2016-11-17 02:11:55.844,5.483,0.066,-0.055,-0.039,0.996,-0.131,1.129,-0.153
2016-11-17 02:11:55.856,5.504,0.065,-0.047,-0.040,0.996,-0.129,1.129,-0.153
2016-11-17 02:11:55.867,5.504,0.063,-0.040,-0.041,0.996,-0.127,1.129,-0.153
2016-11-17 02:11:55.878,5.525,0.062,-0.032,-0.042,0.997,-0.126,1.129,-0.153
2016-11-17 02:11:55.890,5.525,0.060,-0.024,-0.044,0.997,-0.124,1.130,-0.153
2016-11-17 02:11:55.901,5.547,0.058,-0.016,-0.047,0.997,-0.122,1.130,-0.153
2016-11-17 02:11:55.912,5.547,0.057,-0.008,-0.049,0.997,-0.121,1.130,-0.153
2016-11-17 02:11:55.923,5.547,0.055,0.000,-0.050,0.997,-0.120,1.130,-0.154
2016-11-17 02:11:55.934,5.568,0.054,0.007,-0.051,0.997,-0.119,1.130,-0.154
2016-11-17 02:11:55.945,5.589,0.052,0.014,-0.053,0.997,-0.117,1.131,-0.154
2016-11-17 02:11:55.957,5.589,0.050,0.021,-0.054,0.997,-0.116,1.131,-0.154
2016-11-17 02:11:55.968,5.611,0.049,0.028,-0.056,0.997,-0.115,1.131,-0.154
2016-11-17 02:11:55.979,5.611,0.047,0.035,-0.057,0.997,-0.114,1.131,-0.154
2016-11-17 02:11:55.990,5.632,0.046,0.041,-0.058,0.996,-0.113,1.131,-0.154
2016-11-17 02:11:56.001,5.632,0.045,0.047,-0.060,0.996,-0.112,1.132,-0.154
2016-11-17 02:11:56.012,5.653,0.044,0.054,-0.061,0.996,-0.111,1.132,-0.154
2016-11-17 02:11:56.024,5.653,0.043,0.060,-0.063,0.995,-0.111,1.132,-0.154
2016-11-17 02:11:56.034,5.675,0.042,0.066,-0.064,0.995,-0.110,1.132,-0.154
2016-11-17 02:11:56.046,5.696,0.042,0.072,-0.066,0.994,-0.109,1.132,-0.154
2016-11-17 02:11:56.057,5.696,0.041,0.078,-0.068,0.994,-0.108,1.132,-0.154
2016-11-17 02:11:56.068,5.717,0.042,0.084,-0.070,0.993,-0.108,1.132,-0.154
2016-11-17 02:11:56.080,5.717,0.042,0.090,-0.072,0.992,-0.107,1.132,-0.155
2016-11-17 02:11:56.091,5.717,0.043,0.095,-0.074,0.992,-0.106,1.131,-0.155
2016-11-17 02:11:56.102,5.739,0.043,0.100,-0.075,0.991,-0.105,1.131,-0.155
2016-11-17 02:11:56.113,5.739,0.044,0.105,-0.076,0.991,-0.105,1.131,-0.155
2016-11-17 02:11:56.124,5.760,0.045,0.110,-0.078,0.990,-0.104,1.131,-0.155
2016-11-17 02:11:56.135,5.781,0.046,0.115,-0.079,0.989,-0.104,1.130,-0.155
2016-11-17 02:11:56.147,5.781,0.047,0.120,-0.081,0.988,-0.103,1.130,-0.155
2016-11-17 02:11:56.158,5.803,0.048,0.124,-0.082,0.988,-0.103,1.130,-0.155
2016-11-17 02:11:56.168,5.803,0.049,0.128,-0.082,0.987,-0.103,1.130,-0.155
2016-11-17 02:11:56.180,5.824,0.050,0.132,-0.083,0.986,-0.102,1.129,-0.155
2016-11-17 02:11:56.191,5.824,0.052,0.136,-0.083,0.986,-0.102,1.129,-0.156
2016-11-17 02:11:56.202,5.845,0.052,0.140,-0.084,0.985,-0.102,1.129,-0.156
2016-11-17 02:11:56.214,5.845,0.053,0.143,-0.084,0.985,-0.102,1.129,-0.156
2016-11-17 02:11:56.224,5.867,0.054,0.147,-0.085,0.984,-0.102,1.128,-0.156
2016-11-17 02:11:56.235,5.867,0.055,0.151,-0.085,0.983,-0.102,1.128,-0.156
2016-11-17 02:11:56.246,5.888,0.055,0.154,-0.085,0.983,-0.101,1.128,-0.156
2016-11-17 02:11:56.258,5.888,0.056,0.158,-0.085,0.982,-0.101,1.128,-0.155
2016-11-17 02:11:56.269,5.909,0.057,0.162,-0.085,0.982,-0.101,1.128,-0.155
2016-11-17 02:11:56.281,5.909,0.058,0.166,-0.084,0.981,-0.101,1.128,-0.155
2016-11-17 02:11:56.292,5.931,0.059,0.169,-0.084,0.980,-0.101,1.128,-0.155
2016-11-17 02:11:56.303,5.931,0.059,0.173,-0.084,0.980,-0.101,1.128,-0.155
2016-11-17 02:11:56.314,5.952,0.060,0.176,-0.084,0.979,-0.101,1.128,-0.155
2016-11-17 02:11:56.325,5.973,0.061,0.178,-0.083,0.979,-0.101,1.128,-0.155
2016-11-17 02:11:56.337,5.973,0.061,0.181,-0.082,0.978,-0.101,1.127,-0.155
2016-11-17 02:11:56.347,5.995,0.061,0.183,-0.082,0.978,-0.101,1.127,-0.155
2016-11-17 02:11:56.358,5.995,0.061,0.185,-0.082,0.977,-0.101,1.127,-0.155
2016-11-17 02:11:56.370,6.016,0.062,0.187,-0.082,0.977,-0.101,1.127,-0.155
2016-11-17 02:11:56.381,6.016,0.062,0.189,-0.081,0.977,-0.101,1.127,-0.155
2016-11-17 02:11:56.392,6.037,0.063,0.190,-0.081,0.976,-0.101,1.127,-0.155
2016-11-17 02:11:56.403,6.037,0.063,0.191,-0.079,0.976,-0.101,1.127,-0.155
2016-11-17 02:11:56.414,6.059,0.063,0.192,-0.078,0.976,-0.101,1.127,-0.155
2016-11-17 02:11:56.426,6.059,0.064,0.191,-0.076,0.976,-0.102,1.126,-0.155
2016-11-17 02:11:56.436,6.080,0.064,0.191,-0.075,0.977,-0.102,1.126,-0.155
2016-11-17 02:11:56.448,6.080,0.064,0.191,-0.075,0.977,-0.102,1.126,-0.155
2016-11-17 02:11:56.459,6.101,0.064,0.190,-0.075,0.977,-0.103,1.126,-0.155
2016-11-17 02:11:56.470,6.101,0.063,0.188,-0.075,0.977,-0.103,1.126,-0.155
2016-11-17 02:11:56.481,6.123,0.062,0.186,-0.075,0.978,-0.103,1.126,-0.154
2016-11-17 02:11:56.493,6.123,0.062,0.184,-0.074,0.978,-0.104,1.127,-0.155
2016-11-17 02:11:56.504,6.144,0.062,0.182,-0.073,0.979,-0.104,1.127,-0.155
2016-11-17 02:11:56.515,6.165,0.062,0.179,-0.072,0.979,-0.105,1.127,-0.154
2016-11-17 02:11:56.526,6.165,0.061,0.176,-0.070,0.980,-0.106,1.127,-0.154
2016-11-17 02:11:56.537,6.187,0.060,0.173,-0.069,0.981,-0.106,1.127,-0.155
2016-11-17 02:11:56.549,6.187,0.060,0.170,-0.068,0.981,-0.107,1.128,-0.155
2016-11-17 02:11:56.559,6.187,0.059,0.166,-0.067,0.982,-0.108,1.128,-0.154
2016-11-17 02:11:56.571,6.208,0.058,0.162,-0.065,0.983,-0.108,1.128,-0.154
2016-11-17 02:11:56.582,6.208,0.058,0.157,-0.063,0.984,-0.110,1.129,-0.154
2016-11-17 02:11:56.593,6.229,0.058,0.150,-0.061,0.985,-0.111,1.129,-0.154
2016-11-17 02:11:56.604,6.229,0.057,0.143,-0.058,0.986,-0.112,1.130,-0.154
2016-11-17 02:11:56.615,6.251,0.055,0.135,-0.055,0.988,-0.114,1.131,-0.154
2016-11-17 02:11:56.627,6.272,0.053,0.125,-0.053,0.989,-0.115,1.131,-0.154
2016-11-17 02:11:56.637,6.272,0.050,0.114,-0.050,0.991,-0.117,1.132,-0.154
2016-11-17 02:11:56.649,6.293,0.046,0.101,-0.048,0.993,-0.119,1.133,-0.154
2016-11-17 02:11:56.660,6.293,0.042,0.088,-0.045,0.994,-0.121,1.134,-0.154
2016-11-17 02:11:56.671,6.315,0.038,0.074,-0.043,0.996,-0.123,1.135,-0.154
2016-11-17 02:11:56.683,6.315,0.035,0.059,-0.042,0.997,-0.126,1.136,-0.154
2016-11-17 02:11:56.694,6.336,0.031,0.044,-0.042,0.998,-0.128,1.137,-0.154
2016-11-17 02:11:56.705,6.357,0.028,0.029,-0.042,0.998,-0.130,1.137,-0.154
2016-11-17 02:11:56.716,6.357,0.026,0.014,-0.043,0.999,-0.132,1.138,-0.155
2016-11-17 02:11:56.727,6.357,0.023,-0.001,-0.043,0.999,-0.134,1.138,-0.155
2016-11-17 02:11:56.738,6.379,0.021,-0.017,-0.043,0.999,-0.136,1.139,-0.155
2016-11-17 02:11:56.750,6.379,0.019,-0.033,-0.043,0.998,-0.138,1.139,-0.156
2016-11-17 02:11:56.760,6.400,0.016,-0.049,-0.043,0.998,-0.140,1.140,-0.156
2016-11-17 02:11:56.772,6.400,0.014,-0.066,-0.042,0.997,-0.142,1.140,-0.157
2016-11-17 02:11:56.783,6.421,0.013,-0.082,-0.042,0.996,-0.144,1.141,-0.157
2016-11-17 02:11:56.794,6.443,0.011,-0.098,-0.041,0.994,-0.146,1.141,-0.158
2016-11-17 02:11:56.806,6.443,0.010,-0.114,-0.039,0.993,-0.148,1.142,-0.158
2016-11-17 02:11:56.816,6.464,0.009,-0.129,-0.038,0.991,-0.150,1.142,-0.159
2016-11-17 02:11:56.827,6.464,0.009,-0.145,-0.037,0.989,-0.152,1.143,-0.160
2016-11-17 02:11:56.839,6.485,0.009,-0.160,-0.035,0.986,-0.154,1.143,-0.161
2016-11-17 02:11:56.851,6.485,0.008,-0.175,-0.034,0.984,-0.156,1.143,-0.162
2016-11-17 02:11:56.861,6.507,0.008,-0.190,-0.032,0.981,-0.157,1.144,-0.163
2016-11-17 02:11:56.873,6.507,0.008,-0.205,-0.030,0.978,-0.159,1.144,-0.163
2016-11-17 02:11:56.884,6.528,0.008,-0.219,-0.028,0.975,-0.160,1.144,-0.164
2016-11-17 02:11:56.895,6.528,0.008,-0.233,-0.027,0.972,-0.162,1.144,-0.165
2016-11-17 02:11:56.906,6.549,0.008,-0.245,-0.025,0.969,-0.163,1.144,-0.166
2016-11-17 02:11:56.917,6.549,0.008,-0.258,-0.024,0.966,-0.164,1.145,-0.166
2016-11-17 02:11:56.928,6.571,0.008,-0.270,-0.023,0.963,-0.166,1.145,-0.167
2016-11-17 02:11:56.939,6.571,0.008,-0.282,-0.022,0.959,-0.167,1.145,-0.168
2016-11-17 02:11:56.951,6.592,0.008,-0.294,-0.020,0.956,-0.168,1.145,-0.169
2016-11-17 02:11:56.962,6.592,0.008,-0.305,-0.019,0.952,-0.169,1.145,-0.170
2016-11-17 02:11:56.973,6.613,0.008,-0.317,-0.017,0.948,-0.170,1.145,-0.170
2016-11-17 02:11:56.984,6.613,0.008,-0.327,-0.016,0.945,-0.171,1.145,-0.171
2016-11-17 02:11:56.995,6.635,0.007,-0.338,-0.014,0.941,-0.172,1.145,-0.172
2016-11-17 02:11:57.006,6.656,0.007,-0.348,-0.013,0.937,-0.173,1.145,-0.172
2016-11-17 02:11:57.018,6.656,0.007,-0.358,-0.011,0.934,-0.174,1.145,-0.173
2016-11-17 02:11:57.029,6.677,0.007,-0.368,-0.010,0.930,-0.175,1.146,-0.173
2016-11-17 02:11:57.040,6.677,0.006,-0.377,-0.008,0.926,-0.175,1.146,-0.174
2016-11-17 02:11:57.051,6.677,0.006,-0.386,-0.007,0.922,-0.176,1.146,-0.174
2016-11-17 02:11:57.062,6.699,0.006,-0.396,-0.006,0.918,-0.177,1.146,-0.174
2016-11-17 02:11:57.073,6.699,0.006,-0.405,-0.005,0.914,-0.178,1.146,-0.175
2016-11-17 02:11:57.084,6.720,0.007,-0.413,-0.004,0.910,-0.178,1.146,-0.175
2016-11-17 02:11:57.096,6.741,0.007,-0.423,-0.003,0.906,-0.179,1.146,-0.176
2016-11-17 02:11:57.107,6.741,0.007,-0.432,-0.002,0.902,-0.180,1.146,-0.176
2016-11-17 02:11:57.118,6.763,0.007,-0.441,-0.001,0.898,-0.180,1.146,-0.176
2016-11-17 02:11:57.129,6.763,0.008,-0.449,0.000,0.893,-0.180,1.146,-0.176
2016-11-17 02:11:57.140,6.784,0.009,-0.457,0.000,0.889,-0.181,1.146,-0.177
2016-11-17 02:11:57.152,6.784,0.009,-0.465,0.000,0.885,-0.181,1.146,-0.177
2016-11-17 02:11:57.163,6.805,0.010,-0.473,0.000,0.881,-0.181,1.146,-0.177
2016-11-17 02:11:57.174,6.805,0.010,-0.481,0.000,0.877,-0.182,1.146,-0.177
2016-11-17 02:11:57.185,6.827,0.010,-0.489,0.000,0.872,-0.182,1.146,-0.177
2016-11-17 02:11:57.196,6.848,0.009,-0.497,0.000,0.868,-0.183,1.146,-0.177
2016-11-17 02:11:57.208,6.848,0.008,-0.504,-0.001,0.864,-0.183,1.147,-0.177
2016-11-17 02:11:57.219,6.848,0.007,-0.511,-0.002,0.859,-0.183,1.147,-0.177
2016-11-17 02:11:57.230,6.869,0.005,-0.518,-0.003,0.855,-0.184,1.148,-0.177
2016-11-17 02:11:57.241,6.869,0.003,-0.525,-0.004,0.851,-0.184,1.148,-0.177
2016-11-17 02:11:57.252,6.891,0.002,-0.532,-0.006,0.847,-0.184,1.148,-0.177
2016-11-17 02:11:57.264,6.891,0.001,-0.538,-0.007,0.843,-0.185,1.149,-0.177
2016-11-17 02:11:57.275,6.912,0.000,-0.545,-0.008,0.838,-0.185,1.149,-0.178
2016-11-17 02:11:57.286,6.933,-0.001,-0.551,-0.008,0.834,-0.185,1.149,-0.178
2016-11-17 02:11:57.297,6.933,-0.001,-0.558,-0.009,0.830,-0.186,1.149,-0.178
2016-11-17 02:11:57.308,6.955,-0.001,-0.565,-0.009,0.825,-0.186,1.149,-0.178
2016-11-17 02:11:57.319,6.955,-0.001,-0.571,-0.009,0.821,-0.186,1.149,-0.178
2016-11-17 02:11:57.330,6.976,0.000,-0.577,-0.009,0.816,-0.186,1.149,-0.178
2016-11-17 02:11:57.342,6.976,0.000,-0.584,-0.009,0.812,-0.187,1.149,-0.178
2016-11-17 02:11:57.352,6.997,0.001,-0.590,-0.008,0.807,-0.187,1.149,-0.178
2016-11-17 02:11:57.364,6.997,0.001,-0.596,-0.008,0.803,-0.187,1.149,-0.178
2016-11-17 02:11:57.375,7.019,0.003,-0.602,-0.008,0.798,-0.187,1.149,-0.178
2016-11-17 02:11:57.387,7.019,0.004,-0.609,-0.008,0.793,-0.187,1.150,-0.178
2016-11-17 02:11:57.398,7.040,0.005,-0.614,-0.008,0.789,-0.187,1.150,-0.178
2016-11-17 02:11:57.409,7.040,0.006,-0.620,-0.008,0.784,-0.188,1.150,-0.178
2016-11-17 02:11:57.420,7.061,0.007,-0.626,-0.009,0.780,-0.188,1.151,-0.178
2016-11-17 02:11:57.431,7.061,0.007,-0.631,-0.009,0.775,-0.188,1.151,-0.178
2016-11-17 02:11:57.442,7.083,0.008,-0.637,-0.010,0.771,-0.188,1.152,-0.178
2016-11-17 02:11:57.453,7.083,0.008,-0.642,-0.010,0.767,-0.189,1.152,-0.179
2016-11-17 02:11:57.464,7.104,0.008,-0.646,-0.011,0.763,-0.189,1.153,-0.179
2016-11-17 02:11:57.475,7.125,0.008,-0.650,-0.012,0.759,-0.190,1.154,-0.179
2016-11-17 02:11:57.487,7.125,0.008,-0.654,-0.013,0.756,-0.190,1.154,-0.179
2016-11-17 02:11:57.498,7.147,0.007,-0.658,-0.014,0.753,-0.191,1.155,-0.180
2016-11-17 02:11:57.509,7.147,0.006,-0.661,-0.015,0.751,-0.192,1.156,-0.180
2016-11-17 02:11:57.520,7.168,0.005,-0.663,-0.017,0.748,-0.193,1.156,-0.180
2016-11-17 02:11:57.532,7.168,0.003,-0.665,-0.018,0.746,-0.194,1.157,-0.181
2016-11-17 02:11:57.542,7.168,0.001,-0.667,-0.019,0.745,-0.195,1.157,-0.181
2016-11-17 02:11:57.553,7.189,0.000,-0.668,-0.020,0.744,-0.196,1.157,-0.181
2016-11-17 02:11:57.565,7.211,-0.001,-0.669,-0.020,0.743,-0.198,1.158,-0.182
2016-11-17 02:11:57.576,7.211,-0.001,-0.669,-0.021,0.743,-0.199,1.158,-0.183
2016-11-17 02:11:57.587,7.232,-0.002,-0.669,-0.020,0.743,-0.201,1.157,-0.183
2016-11-17 02:11:57.598,7.232,-0.002,-0.669,-0.019,0.743,-0.202,1.157,-0.184
2016-11-17 02:11:57.610,7.253,-0.002,-0.669,-0.018,0.743,-0.204,1.156,-0.185
2016-11-17 02:11:57.621,7.253,-0.001,-0.670,-0.016,0.743,-0.206,1.156,-0.186
2016-11-17 02:11:57.632,7.275,-0.001,-0.670,-0.014,0.743,-0.207,1.155,-0.187
2016-11-17 02:11:57.643,7.275,0.000,-0.670,-0.011,0.742,-0.209,1.155,-0.188
2016-11-17 02:11:57.654,7.296,0.000,-0.671,-0.009,0.742,-0.211,1.154,-0.190
2016-11-17 02:11:57.665,7.317,0.001,-0.672,-0.006,0.741,-0.213,1.153,-0.191
2016-11-17 02:11:57.677,7.317,0.002,-0.673,-0.004,0.739,-0.215,1.153,-0.193
2016-11-17 02:11:57.688,7.339,0.002,-0.676,-0.002,0.737,-0.216,1.153,-0.195
2016-11-17 02:11:57.699,7.339,0.003,-0.678,0.000,0.735,-0.218,1.152,-0.197
2016-11-17 02:11:57.710,7.339,0.003,-0.681,0.002,0.732,-0.220,1.152,-0.199
2016-11-17 02:11:57.721,7.360,0.003,-0.684,0.004,0.729,-0.222,1.152,-0.202
2016-11-17 02:11:57.733,7.360,0.004,-0.688,0.006,0.725,-0.224,1.151,-0.204
2016-11-17 02:11:57.743,7.381,0.004,-0.693,0.007,0.721,-0.225,1.151,-0.207
2016-11-17 02:11:57.755,7.403,0.004,-0.697,0.009,0.717,-0.227,1.151,-0.209
2016-11-17 02:11:57.766,7.403,0.004,-0.701,0.009,0.713,-0.228,1.151,-0.212
2016-11-17 02:11:57.778,7.424,0.004,-0.705,0.010,0.710,-0.230,1.151,-0.215
2016-11-17 02:11:57.789,7.424,0.003,-0.707,0.010,0.707,-0.231,1.151,-0.217
2016-11-17 02:11:57.800,7.445,0.002,-0.710,0.010,0.704,-0.233,1.151,-0.220
2016-11-17 02:11:57.811,7.445,0.001,-0.713,0.011,0.701,-0.235,1.151,-0.223
2016-11-17 02:11:57.822,7.467,0.000,-0.715,0.013,0.699,-0.236,1.151,-0.225
2016-11-17 02:11:57.833,7.467,-0.002,-0.718,0.014,0.695,-0.238,1.150,-0.228
2016-11-17 02:11:57.844,7.488,-0.004,-0.722,0.016,0.692,-0.240,1.150,-0.230
2016-11-17 02:11:57.856,7.488,-0.006,-0.725,0.018,0.688,-0.241,1.150,-0.233
2016-11-17 02:11:57.866,7.509,-0.008,-0.728,0.021,0.685,-0.243,1.150,-0.236
2016-11-17 02:11:57.878,7.509,-0.009,-0.732,0.023,0.681,-0.245,1.150,-0.239
2016-11-17 02:11:57.889,7.531,-0.009,-0.736,0.025,0.677,-0.246,1.149,-0.241
2016-11-17 02:11:57.900,7.531,-0.009,-0.740,0.028,0.672,-0.248,1.149,-0.244
2016-11-17 02:11:57.911,7.552,-0.010,-0.744,0.031,0.667,-0.250,1.148,-0.247
2016-11-17 02:11:57.922,7.552,-0.009,-0.749,0.034,0.662,-0.251,1.147,-0.250
2016-11-17 02:11:57.933,7.573,-0.009,-0.754,0.038,0.655,-0.253,1.146,-0.253
2016-11-17 02:11:57.944,7.595,-0.008,-0.760,0.041,0.648,-0.254,1.145,-0.256
2016-11-17 02:11:57.956,7.595,-0.008,-0.766,0.045,0.641,-0.255,1.145,-0.259
2016-11-17 02:11:57.967,7.616,-0.007,-0.772,0.048,0.633,-0.257,1.144,-0.262
2016-11-17 02:11:57.978,7.616,-0.006,-0.779,0.052,0.624,-0.258,1.143,-0.265
2016-11-17 02:11:57.990,7.637,-0.005,-0.786,0.055,0.615,-0.259,1.142,-0.268
2016-11-17 02:11:58.001,7.637,-0.004,-0.793,0.058,0.606,-0.260,1.141,-0.271
2016-11-17 02:11:58.012,7.659,-0.003,-0.800,0.060,0.596,-0.261,1.140,-0.274
2016-11-17 02:11:58.023,7.659,-0.002,-0.807,0.062,0.587,-0.261,1.139,-0.277
2016-11-17 02:11:58.034,7.659,0.000,-0.815,0.064,0.577,-0.262,1.138,-0.280
2016-11-17 02:11:58.045,7.680,0.001,-0.822,0.066,0.566,-0.262,1.137,-0.283
2016-11-17 02:11:58.056,7.701,0.002,-0.829,0.068,0.556,-0.263,1.136,-0.286
2016-11-17 02:11:58.067,7.701,0.003,-0.836,0.069,0.545,-0.263,1.136,-0.289
2016-11-17 02:11:58.078,7.723,0.004,-0.843,0.071,0.533,-0.263,1.135,-0.292
2016-11-17 02:11:58.090,7.723,0.005,-0.850,0.072,0.521,-0.263,1.134,-0.294
2016-11-17 02:11:58.101,7.744,0.006,-0.857,0.073,0.509,-0.262,1.134,-0.297
2016-11-17 02:11:58.112,7.744,-0.007,0.865,-0.074,-0.497,-0.262,1.133,-0.300
2016-11-17 02:11:58.123,7.765,-0.008,0.872,-0.074,-0.485,-0.262,1.133,-0.302
2016-11-17 02:11:58.134,7.787,-0.009,0.878,-0.075,-0.472,-0.261,1.132,-0.305
2016-11-17 02:11:58.146,7.787,-0.011,0.885,-0.075,-0.459,-0.260,1.132,-0.308
2016-11-17 02:11:58.157,7.808,-0.011,0.892,-0.076,-0.446,-0.260,1.131,-0.310
2016-11-17 02:11:58.168,7.808,-0.012,0.898,-0.076,-0.433,-0.259,1.130,-0.313
2016-11-17 02:11:58.179,7.808,-0.013,0.904,-0.077,-0.420,-0.258,1.130,-0.315
2016-11-17 02:11:58.190,7.829,-0.015,0.910,-0.078,-0.406,-0.257,1.129,-0.317
2016-11-17 02:11:58.202,7.829,-0.016,0.916,-0.078,-0.393,-0.255,1.129,-0.319
2016-11-17 02:11:58.213,7.851,-0.017,0.922,-0.079,-0.380,-0.254,1.128,-0.322
2016-11-17 02:11:58.224,7.851,-0.017,0.927,-0.080,-0.366,-0.252,1.128,-0.323
2016-11-17 02:11:58.235,7.872,-0.018,0.932,-0.082,-0.353,-0.251,1.127,-0.325
2016-11-17 02:11:58.246,7.893,-0.018,0.937,-0.083,-0.339,-0.249,1.127,-0.327
2016-11-17 02:11:58.258,7.893,-0.018,0.942,-0.084,-0.325,-0.247,1.126,-0.328
2016-11-17 02:11:58.268,7.915,-0.018,0.946,-0.086,-0.311,-0.245,1.126,-0.330
2016-11-17 02:11:58.280,7.915,-0.019,0.951,-0.087,-0.297,-0.243,1.126,-0.331
2016-11-17 02:11:58.291,7.936,-0.019,0.955,-0.088,-0.283,-0.241,1.126,-0.333
2016-11-17 02:11:58.302,7.936,-0.019,0.959,-0.090,-0.269,-0.238,1.125,-0.333
2016-11-17 02:11:58.313,7.957,-0.018,0.962,-0.091,-0.256,-0.236,1.124,-0.334
2016-11-17 02:11:58.324,7.957,-0.018,0.966,-0.092,-0.242,-0.235,1.124,-0.335
2016-11-17 02:11:58.336,7.979,-0.018,0.969,-0.094,-0.228,-0.232,1.124,-0.335
2016-11-17 02:11:58.347,7.979,-0.018,0.972,-0.095,-0.214,-0.230,1.124,-0.336
2016-11-17 02:11:58.358,8.000,-0.017,0.975,-0.096,-0.201,-0.228,1.123,-0.336
2016-11-17 02:11:58.369,8.000,-0.017,0.977,-0.097,-0.187,-0.226,1.123,-0.336
2016-11-17 02:11:58.380,8.021,-0.017,0.980,-0.098,-0.174,-0.223,1.123,-0.337
2016-11-17 02:11:58.392,8.021,-0.017,0.982,-0.099,-0.160,-0.221,1.123,-0.337
2016-11-17 02:11:58.403,8.043,-0.015,0.984,-0.099,-0.147,-0.218,1.122,-0.336
2016-11-17 02:11:58.414,8.064,-0.014,0.986,-0.100,-0.132,-0.216,1.122,-0.336
2016-11-17 02:11:58.425,8.064,-0.013,0.988,-0.101,-0.118,-0.213,1.122,-0.336
2016-11-17 02:11:58.436,8.085,-0.011,0.989,-0.102,-0.102,-0.210,1.122,-0.336
2016-11-17 02:11:58.448,8.085,-0.010,0.991,-0.103,-0.087,-0.208,1.122,-0.335
2016-11-17 02:11:58.458,8.107,-0.010,0.992,-0.105,-0.072,-0.205,1.121,-0.335
2016-11-17 02:11:58.469,8.107,-0.010,0.993,-0.106,-0.058,-0.202,1.121,-0.334
2016-11-17 02:11:58.481,8.128,-0.009,0.993,-0.107,-0.044,-0.199,1.121,-0.333
2016-11-17 02:11:58.492,8.128,-0.008,0.994,-0.109,-0.029,-0.196,1.121,-0.332
2016-11-17 02:11:58.503,8.149,-0.007,0.994,-0.110,-0.016,-0.193,1.121,-0.331
2016-11-17 02:11:58.515,8.149,-0.007,0.994,-0.111,-0.002,-0.190,1.121,-0.330
2016-11-17 02:11:58.526,8.171,-0.006,0.994,-0.111,0.011,-0.188,1.121,-0.329
2016-11-17 02:11:58.537,8.171,-0.006,0.993,-0.112,0.023,-0.185,1.121,-0.328
2016-11-17 02:11:58.548,8.192,-0.006,0.993,-0.112,0.035,-0.183,1.121,-0.326
2016-11-17 02:11:58.559,8.192,-0.005,0.993,-0.112,0.046,-0.180,1.121,-0.325
2016-11-17 02:11:58.570,8.213,-0.005,0.992,-0.112,0.058,-0.178,1.121,-0.324
2016-11-17 02:11:58.582,8.213,-0.005,0.991,-0.112,0.069,-0.175,1.121,-0.323
2016-11-17 02:11:58.593,8.235,-0.005,0.990,-0.112,0.080,-0.173,1.122,-0.321
2016-11-17 02:11:58.604,8.235,-0.005,0.990,-0.112,0.090,-0.170,1.122,-0.320
2016-11-17 02:11:58.615,8.256,-0.005,0.989,-0.112,0.100,-0.168,1.122,-0.319
2016-11-17 02:11:58.626,8.277,-0.004,0.988,-0.111,0.109,-0.166,1.122,-0.317
2016-11-17 02:11:58.638,8.277,-0.003,0.987,-0.110,0.119,-0.164,1.122,-0.316
2016-11-17 02:11:58.648,8.299,-0.002,0.986,-0.109,0.128,-0.162,1.122,-0.314
2016-11-17 02:11:58.659,8.299,-0.001,0.985,-0.108,0.137,-0.159,1.122,-0.313
2016-11-17 02:11:58.670,8.299,0.000,0.983,-0.107,0.146,-0.157,1.122,-0.311
2016-11-17 02:11:58.682,8.320,0.001,0.982,-0.107,0.156,-0.155,1.122,-0.310
2016-11-17 02:11:58.693,8.320,0.003,0.981,-0.106,0.165,-0.153,1.122,-0.308
2016-11-17 02:11:58.704,8.341,0.004,0.979,-0.106,0.174,-0.151,1.122,-0.306
2016-11-17 02:11:58.716,8.363,0.005,0.977,-0.106,0.183,-0.149,1.122,-0.304
2016-11-17 02:11:58.727,8.363,0.006,0.976,-0.106,0.193,-0.147,1.122,-0.302
2016-11-17 02:11:58.738,8.384,0.007,0.974,-0.106,0.202,-0.144,1.122,-0.300
2016-11-17 02:11:58.750,8.384,0.008,0.972,-0.106,0.211,-0.142,1.122,-0.298
2016-11-17 02:11:58.760,8.405,0.009,0.970,-0.106,0.221,-0.140,1.122,-0.297
2016-11-17 02:11:58.771,8.405,0.010,0.967,-0.106,0.230,-0.138,1.122,-0.294
2016-11-17 02:11:58.782,8.427,0.010,0.965,-0.106,0.239,-0.136,1.122,-0.292
2016-11-17 02:11:58.794,8.427,0.011,0.963,-0.106,0.248,-0.134,1.123,-0.290
2016-11-17 02:11:58.805,8.448,0.012,0.961,-0.105,0.257,-0.132,1.123,-0.288
2016-11-17 02:11:58.816,8.469,0.013,0.958,-0.105,0.266,-0.131,1.123,-0.286
2016-11-17 02:11:58.827,8.469,0.014,0.955,-0.105,0.276,-0.129,1.123,-0.284
2016-11-17 02:11:58.838,8.469,0.015,0.953,-0.105,0.285,-0.127,1.123,-0.282
2016-11-17 02:11:58.849,8.491,0.016,0.950,-0.104,0.294,-0.125,1.124,-0.280
2016-11-17 02:11:58.860,8.491,0.018,0.947,-0.103,0.304,-0.123,1.124,-0.277
2016-11-17 02:11:58.872,8.512,0.020,0.944,-0.102,0.313,-0.121,1.124,-0.275
2016-11-17 02:11:58.883,8.512,0.022,0.941,-0.100,0.323,-0.120,1.125,-0.273
2016-11-17 02:11:58.894,8.533,0.024,0.937,-0.099,0.333,-0.118,1.125,-0.271
2016-11-17 02:11:58.905,8.555,0.025,0.934,-0.097,0.343,-0.116,1.126,-0.268
2016-11-17 02:11:58.917,8.555,0.027,0.930,-0.095,0.353,-0.115,1.126,-0.266
2016-11-17 02:11:58.928,8.576,0.029,0.927,-0.093,0.363,-0.113,1.127,-0.264
2016-11-17 02:11:58.939,8.576,0.031,0.923,-0.091,0.373,-0.112,1.127,-0.262
2016-11-17 02:11:58.950,8.597,0.032,0.919,-0.089,0.383,-0.110,1.128,-0.260
2016-11-17 02:11:58.961,8.597,0.034,0.915,-0.088,0.393,-0.109,1.128,-0.258
2016-11-17 02:11:58.972,8.619,0.036,0.911,-0.086,0.403,-0.108,1.129,-0.256
2016-11-17 02:11:58.984,8.619,0.038,0.906,-0.084,0.412,-0.106,1.129,-0.254
2016-11-17 02:11:58.994,8.619,0.040,0.902,-0.083,0.422,-0.105,1.130,-0.252
2016-11-17 02:11:59.006,8.640,0.041,0.898,-0.081,0.431,-0.104,1.131,-0.250
2016-11-17 02:11:59.017,8.661,0.043,0.893,-0.080,0.440,-0.103,1.131,-0.249
2016-11-17 02:11:59.028,8.661,0.045,0.889,-0.079,0.449,-0.102,1.132,-0.247
2016-11-17 02:11:59.039,8.683,0.046,0.885,-0.078,0.457,-0.101,1.132,-0.245
2016-11-17 02:11:59.051,8.683,0.048,0.880,-0.077,0.465,-0.101,1.133,-0.244
2016-11-17 02:11:59.061,8.704,0.049,0.876,-0.077,0.474,-0.100,1.133,-0.242
2016-11-17 02:11:59.073,8.704,0.051,0.872,-0.076,0.482,-0.099,1.134,-0.241
2016-11-17 02:11:59.084,8.725,0.052,0.867,-0.076,0.490,-0.098,1.134,-0.240
2016-11-17 02:11:59.095,8.747,0.054,0.863,-0.075,0.497,-0.098,1.134,-0.239
2016-11-17 02:11:59.107,8.747,0.055,0.858,-0.075,0.505,-0.097,1.135,-0.237
2016-11-17 02:11:59.118,8.768,0.056,0.853,-0.075,0.513,-0.096,1.135,-0.237
2016-11-17 02:11:59.129,8.768,0.057,0.849,-0.075,0.520,-0.096,1.135,-0.235
2016-11-17 02:11:59.140,8.789,0.058,0.845,-0.075,0.527,-0.095,1.136,-0.234
2016-11-17 02:11:59.151,8.789,0.059,0.840,-0.075,0.534,-0.095,1.136,-0.234
2016-11-17 02:11:59.162,8.789,0.060,0.836,-0.075,0.541,-0.094,1.136,-0.233
2016-11-17 02:11:59.173,8.811,0.061,0.831,-0.074,0.547,-0.094,1.136,-0.232
2016-11-17 02:11:59.185,8.832,0.062,0.827,-0.074,0.554,-0.093,1.137,-0.231
2016-11-17 02:11:59.195,8.832,0.063,0.822,-0.074,0.561,-0.093,1.137,-0.231
2016-11-17 02:11:59.207,8.853,0.064,0.817,-0.074,0.568,-0.092,1.137,-0.230
2016-11-17 02:11:59.218,8.853,0.065,0.813,-0.073,0.574,-0.092,1.137,-0.229
2016-11-17 02:11:59.229,8.875,0.067,0.808,-0.073,0.581,-0.091,1.137,-0.229
2016-11-17 02:11:59.240,8.875,0.068,0.803,-0.073,0.588,-0.091,1.137,-0.228
2016-11-17 02:11:59.251,8.896,0.069,0.798,-0.073,0.595,-0.090,1.137,-0.227
2016-11-17 02:11:59.263,8.896,0.071,0.792,-0.073,0.602,-0.090,1.137,-0.226
2016-11-17 02:11:59.274,8.917,0.072,0.787,-0.073,0.609,-0.089,1.137,-0.226
2016-11-17 02:11:59.285,8.939,0.075,0.780,-0.072,0.617,-0.089,1.137,-0.225
2016-11-17 02:11:59.296,8.939,0.077,0.773,-0.071,0.625,-0.088,1.136,-0.224
2016-11-17 02:11:59.307,8.960,0.079,0.766,-0.070,0.634,-0.088,1.136,-0.224
2016-11-17 02:11:59.319,8.960,0.080,0.759,-0.070,0.643,-0.088,1.136,-0.223
2016-11-17 02:11:59.330,8.960,0.082,0.751,-0.070,0.652,-0.087,1.136,-0.222
2016-11-17 02:11:59.342,8.981,0.083,0.743,-0.070,0.661,-0.087,1.136,-0.221
2016-11-17 02:11:59.352,8.981,0.084,0.734,-0.070,0.670,-0.086,1.136,-0.220
2016-11-17 02:11:59.363,9.003,0.085,0.725,-0.070,0.680,-0.086,1.136,-0.219
2016-11-17 02:11:59.374,9.024,0.085,0.716,-0.070,0.689,-0.086,1.135,-0.217
2016-11-17 02:11:59.386,9.024,0.086,0.706,-0.071,0.699,-0.086,1.135,-0.216
2016-11-17 02:11:59.397,9.045,0.087,0.697,-0.071,0.708,-0.086,1.135,-0.215
2016-11-17 02:11:59.408,9.045,0.087,0.687,-0.071,0.718,-0.086,1.135,-0.214
2016-11-17 02:11:59.419,9.067,0.087,0.677,-0.072,0.728,-0.086,1.135,-0.213
2016-11-17 02:11:59.430,9.067,0.087,0.667,-0.072,0.737,-0.085,1.134,-0.211
2016-11-17 02:11:59.441,9.088,0.087,0.656,-0.072,0.746,-0.085,1.134,-0.210
2016-11-17 02:11:59.453,9.088,0.087,0.646,-0.071,0.755,-0.085,1.134,-0.209
2016-11-17 02:11:59.464,9.109,0.087,0.636,-0.071,0.764,-0.085,1.134,-0.208
2016-11-17 02:11:59.475,9.109,0.087,0.626,-0.070,0.772,-0.085,1.134,-0.207
2016-11-17 02:11:59.486,9.131,0.086,0.616,-0.069,0.780,-0.086,1.134,-0.206
2016-11-17 02:11:59.497,9.131,0.086,0.607,-0.068,0.787,-0.086,1.134,-0.204
2016-11-17 02:11:59.509,9.152,0.085,0.598,-0.068,0.794,-0.086,1.133,-0.203
2016-11-17 02:11:59.520,9.152,0.085,0.590,-0.067,0.800,-0.086,1.133,-0.202
2016-11-17 02:11:59.531,9.173,0.085,0.582,-0.066,0.806,-0.086,1.133,-0.201
2016-11-17 02:11:59.542,9.173,0.085,0.574,-0.065,0.812,-0.086,1.133,-0.200
2016-11-17 02:11:59.553,9.195,0.085,0.566,-0.064,0.817,-0.086,1.133,-0.199
2016-11-17 02:11:59.565,9.216,0.085,0.559,-0.063,0.822,-0.086,1.133,-0.198
2016-11-17 02:11:59.576,9.216,0.085,0.552,-0.062,0.827,-0.086,1.132,-0.197
2016-11-17 02:11:59.586,9.237,0.085,0.545,-0.061,0.832,-0.086,1.132,-0.196
2016-11-17 02:11:59.598,9.237,0.086,0.538,-0.060,0.836,-0.087,1.132,-0.195
2016-11-17 02:11:59.609,9.259,0.086,0.531,-0.059,0.841,-0.087,1.131,-0.194
2016-11-17 02:11:59.620,9.259,0.086,0.525,-0.058,0.845,-0.087,1.131,-0.193
2016-11-17 02:11:59.631,9.280,0.086,0.518,-0.057,0.849,-0.087,1.131,-0.192
2016-11-17 02:11:59.643,9.280,0.087,0.512,-0.056,0.853,-0.088,1.131,-0.191
2016-11-17 02:11:59.654,9.280,0.087,0.505,-0.056,0.857,-0.088,1.130,-0.189
2016-11-17 02:11:59.665,9.301,0.087,0.498,-0.055,0.861,-0.088,1.130,-0.188
2016-11-17 02:11:59.676,9.323,0.088,0.492,-0.055,0.864,-0.089,1.130,-0.187
2016-11-17 02:11:59.688,9.323,0.088,0.485,-0.055,0.868,-0.089,1.129,-0.186
2016-11-17 02:11:59.698,9.344,0.089,0.479,-0.054,0.872,-0.090,1.129,-0.184
2016-11-17 02:11:59.710,9.344,0.089,0.473,-0.054,0.875,-0.090,1.128,-0.183
2016-11-17 02:11:59.721,9.365,0.090,0.466,-0.053,0.878,-0.091,1.128,-0.182
2016-11-17 02:11:59.732,9.365,0.091,0.460,-0.052,0.882,-0.091,1.128,-0.180
2016-11-17 02:11:59.743,9.387,0.092,0.453,-0.051,0.885,-0.092,1.128,-0.179
2016-11-17 02:11:59.754,9.408,0.092,0.447,-0.051,0.889,-0.093,1.127,-0.178
2016-11-17 02:11:59.765,9.408,0.093,0.440,-0.050,0.892,-0.094,1.127,-0.176
2016-11-17 02:11:59.776,9.429,0.093,0.433,-0.049,0.895,-0.095,1.127,-0.175
2016-11-17 02:11:59.788,9.429,0.094,0.426,-0.047,0.899,-0.095,1.127,-0.174
2016-11-17 02:11:59.799,9.429,0.094,0.418,-0.045,0.902,-0.097,1.127,-0.172
2016-11-17 02:11:59.810,9.451,0.094,0.410,-0.043,0.906,-0.098,1.127,-0.171
2016-11-17 02:11:59.821,9.451,0.094,0.402,-0.041,0.910,-0.099,1.127,-0.169
2016-11-17 02:11:59.832,9.472,0.094,0.393,-0.041,0.914,-0.100,1.127,-0.168
2016-11-17 02:11:59.844,9.472,0.093,0.384,-0.040,0.918,-0.101,1.127,-0.166
2016-11-17 02:11:59.855,9.493,0.092,0.374,-0.040,0.922,-0.103,1.128,-0.165
2016-11-17 02:11:59.866,9.515,0.092,0.364,-0.039,0.926,-0.104,1.128,-0.164
2016-11-17 02:11:59.877,9.515,0.091,0.355,-0.038,0.930,-0.105,1.128,-0.163
2016-11-17 02:11:59.888,9.536,0.091,0.345,-0.036,0.934,-0.107,1.128,-0.161
2016-11-17 02:11:59.899,9.536,0.090,0.335,-0.034,0.937,-0.108,1.129,-0.160
2016-11-17 02:11:59.910,9.557,0.089,0.326,-0.033,0.941,-0.109,1.129,-0.159
2016-11-17 02:11:59.922,9.557,0.088,0.317,-0.031,0.944,-0.110,1.129,-0.158
2016-11-17 02:11:59.933,9.579,0.087,0.309,-0.029,0.947,-0.112,1.130,-0.158
2016-11-17 02:11:59.944,9.600,0.086,0.301,-0.027,0.949,-0.113,1.130,-0.157
2016-11-17 02:11:59.955,9.600,0.085,0.293,-0.025,0.952,-0.114,1.131,-0.156
2016-11-17 02:11:59.967,9.600,0.083,0.285,-0.024,0.954,-0.115,1.131,-0.156
2016-11-17 02:11:59.977,9.621,0.082,0.278,-0.022,0.957,-0.116,1.132,-0.155
2016-11-17 02:11:59.989,9.621,0.081,0.271,-0.020,0.959,-0.117,1.132,-0.155
2016-11-17 02:12:00.000,9.643,0.079,0.264,-0.019,0.961,-0.118,1.133,-0.155
2016-11-17 02:12:00.011,9.643,0.078,0.258,-0.018,0.963,-0.118,1.133,-0.155
2016-11-17 02:12:00.022,9.664,0.077,0.253,-0.017,0.964,-0.119,1.134,-0.155
2016-11-17 02:12:00.034,9.664,0.076,0.247,-0.016,0.966,-0.120,1.134,-0.155
2016-11-17 02:12:00.045,9.685,0.075,0.242,-0.015,0.967,-0.120,1.135,-0.155
2016-11-17 02:12:00.056,9.707,0.073,0.237,-0.014,0.969,-0.121,1.135,-0.155
2016-11-17 02:12:00.067,9.707,0.072,0.232,-0.013,0.970,-0.121,1.135,-0.155
2016-11-17 02:12:00.078,9.728,0.071,0.228,-0.013,0.971,-0.121,1.135,-0.155
2016-11-17 02:12:00.089,9.728,0.071,0.224,-0.012,0.972,-0.121,1.135,-0.156
2016-11-17 02:12:00.100,9.749,0.070,0.221,-0.011,0.973,-0.121,1.135,-0.156
2016-11-17 02:12:00.112,9.749,0.069,0.217,-0.011,0.974,-0.121,1.135,-0.156
2016-11-17 02:12:00.123,9.771,0.069,0.213,-0.010,0.975,-0.122,1.135,-0.157
2016-11-17 02:12:00.134,9.771,0.068,0.210,-0.010,0.975,-0.122,1.135,-0.157
2016-11-17 02:12:00.145,9.792,0.067,0.206,-0.010,0.976,-0.122,1.135,-0.158
2016-11-17 02:12:00.157,9.792,0.067,0.203,-0.010,0.977,-0.122,1.135,-0.158
2016-11-17 02:12:00.167,9.813,0.066,0.199,-0.011,0.978,-0.122,1.135,-0.159
2016-11-17 02:12:00.179,9.813,0.066,0.196,-0.011,0.978,-0.122,1.135,-0.159
2016-11-17 02:12:00.189,9.835,0.065,0.193,-0.012,0.979,-0.122,1.135,-0.160
2016-11-17 02:12:00.201,9.835,0.065,0.189,-0.012,0.980,-0.122,1.135,-0.160
2016-11-17 02:12:00.212,9.856,0.065,0.186,-0.013,0.980,-0.122,1.135,-0.161
2016-11-17 02:12:00.224,9.856,0.064,0.182,-0.013,0.981,-0.122,1.135,-0.161
2016-11-17 02:12:00.235,9.877,0.064,0.179,-0.014,0.982,-0.123,1.135,-0.162
2016-11-17 02:12:00.246,9.899,0.063,0.176,-0.015,0.982,-0.123,1.135,-0.163
2016-11-17 02:12:00.257,9.899,0.062,0.172,-0.016,0.983,-0.123,1.135,-0.163
2016-11-17 02:12:00.268,9.920,0.062,0.169,-0.016,0.984,-0.123,1.135,-0.164
2016-11-17 02:12:00.280,9.920,0.062,0.165,-0.017,0.984,-0.123,1.135,-0.164
2016-11-17 02:12:00.290,9.920,0.061,0.162,-0.018,0.985,-0.123,1.135,-0.165
2016-11-17 02:12:00.301,9.941,0.061,0.159,-0.018,0.985,-0.123,1.135,-0.165
2016-11-17 02:12:00.313,9.941,0.060,0.156,-0.018,0.986,-0.123,1.135,-0.166
2016-11-17 02:12:00.324,9.963,0.059,0.153,-0.018,0.986,-0.123,1.135,-0.166
2016-11-17 02:12:00.335,9.984,0.058,0.149,-0.018,0.987,-0.124,1.135,-0.167
2016-11-17 02:12:00.346,9.984,0.057,0.146,-0.018,0.987,-0.124,1.136,-0.168
2016-11-17 02:12:00.357,10.005,0.056,0.142,-0.018,0.988,-0.124,1.136,-0.168
2016-11-17 02:12:00.368,10.005,0.054,0.139,-0.018,0.989,-0.125,1.136,-0.169
2016-11-17 02:12:00.379,10.027,0.053,0.134,-0.018,0.989,-0.125,1.136,-0.169
2016-11-17 02:12:00.391,10.027,0.051,0.130,-0.018,0.990,-0.125,1.137,-0.170
2016-11-17 02:12:00.402,10.048,0.048,0.125,-0.019,0.991,-0.126,1.137,-0.170
2016-11-17 02:12:00.414,10.048,0.046,0.120,-0.020,0.992,-0.126,1.137,-0.171
2016-11-17 02:12:00.424,10.069,0.044,0.114,-0.021,0.992,-0.127,1.138,-0.171
2016-11-17 02:12:00.436,10.091,0.041,0.108,-0.022,0.993,-0.127,1.138,-0.172
2016-11-17 02:12:00.448,10.091,0.039,0.101,-0.023,0.994,-0.128,1.138,-0.172
2016-11-17 02:12:00.458,10.091,0.038,0.094,-0.023,0.995,-0.129,1.139,-0.173
2016-11-17 02:12:00.469,10.112,0.036,0.087,-0.024,0.995,-0.129,1.139,-0.174
2016-11-17 02:12:00.481,10.112,0.035,0.081,-0.025,0.996,-0.130,1.139,-0.174
2016-11-17 02:12:00.491,10.133,0.033,0.075,-0.025,0.996,-0.130,1.139,-0.175
2016-11-17 02:12:00.502,10.133,0.032,0.069,-0.025,0.997,-0.131,1.140,-0.176
2016-11-17 02:12:00.514,10.155,0.031,0.064,-0.025,0.997,-0.131,1.140,-0.176
2016-11-17 02:12:00.525,10.176,0.030,0.059,-0.025,0.997,-0.132,1.140,-0.177
2016-11-17 02:12:00.536,10.176,0.030,0.054,-0.025,0.998,-0.132,1.140,-0.177
2016-11-17 02:12:00.547,10.197,0.030,0.050,-0.025,0.998,-0.132,1.140,-0.178
2016-11-17 02:12:00.558,10.197,0.029,0.045,-0.025,0.998,-0.133,1.140,-0.178
2016-11-17 02:12:00.569,10.219,0.030,0.041,-0.025,0.998,-0.133,1.140,-0.179
2016-11-17 02:12:00.581,10.219,0.030,0.038,-0.024,0.999,-0.133,1.140,-0.179
2016-11-17 02:12:00.592,10.240,0.030,0.034,-0.024,0.999,-0.133,1.139,-0.180
2016-11-17 02:12:00.603,10.240,0.031,0.031,-0.023,0.999,-0.133,1.139,-0.180
2016-11-17 02:12:00.614,10.240,0.031,0.028,-0.022,0.999,-0.134,1.139,-0.180
2016-11-17 02:12:00.625,10.261,0.032,0.025,-0.022,0.999,-0.134,1.138,-0.181
2016-11-17 02:12:00.637,10.283,0.032,0.022,-0.022,0.999,-0.134,1.138,-0.181
2016-11-17 02:12:00.648,10.283,0.033,0.020,-0.022,0.999,-0.134,1.138,-0.181
2016-11-17 02:12:00.659,10.304,0.033,0.017,-0.022,0.999,-0.135,1.137,-0.181
2016-11-17 02:12:00.670,10.304,0.034,0.015,-0.022,0.999,-0.135,1.137,-0.182
2016-11-17 02:12:00.681,10.325,0.035,0.012,-0.022,0.999,-0.136,1.137,-0.182
2016-11-17 02:12:00.693,10.325,0.036,0.009,-0.022,0.999,-0.136,1.136,-0.182
2016-11-17 02:12:00.703,10.347,0.037,0.006,-0.023,0.999,-0.137,1.136,-0.182
2016-11-17 02:12:00.715,10.368,0.038,0.003,-0.023,0.999,-0.138,1.135,-0.182
2016-11-17 02:12:00.726,10.368,0.039,-0.001,-0.023,0.999,-0.138,1.135,-0.182
2016-11-17 02:12:00.737,10.389,0.040,-0.004,-0.023,0.999,-0.139,1.135,-0.182
2016-11-17 02:12:00.748,10.389,0.040,-0.009,-0.023,0.999,-0.141,1.135,-0.182
2016-11-17 02:12:00.759,10.411,0.041,-0.013,-0.022,0.999,-0.142,1.134,-0.183
2016-11-17 02:12:00.771,10.411,0.042,-0.017,-0.022,0.999,-0.143,1.134,-0.183
2016-11-17 02:12:00.782,10.411,0.043,-0.021,-0.022,0.999,-0.144,1.134,-0.183
2016-11-17 02:12:00.793,10.432,0.044,-0.026,-0.021,0.998,-0.146,1.134,-0.183
2016-11-17 02:12:00.804,10.432,0.044,-0.030,-0.020,0.998,-0.147,1.134,-0.183
2016-11-17 02:12:00.815,10.453,0.045,-0.035,-0.019,0.998,-0.148,1.134,-0.183
2016-11-17 02:12:00.827,10.475,0.045,-0.039,-0.018,0.998,-0.150,1.134,-0.183
2016-11-17 02:12:00.838,10.475,0.045,-0.044,-0.017,0.998,-0.151,1.134,-0.183
2016-11-17 02:12:00.849,10.496,0.045,-0.049,-0.016,0.998,-0.152,1.134,-0.183
2016-11-17 02:12:00.860,10.496,0.045,-0.054,-0.015,0.997,-0.153,1.134,-0.183
2016-11-17 02:12:00.871,10.517,0.045,-0.058,-0.014,0.997,-0.155,1.134,-0.183
2016-11-17 02:12:00.883,10.517,0.045,-0.063,-0.012,0.997,-0.156,1.134,-0.183
2016-11-17 02:12:00.893,10.539,0.045,-0.067,-0.011,0.997,-0.157,1.134,-0.183
2016-11-17 02:12:00.904,10.560,0.044,-0.072,-0.009,0.996,-0.158,1.135,-0.183
2016-11-17 02:12:00.916,10.560,0.044,-0.076,-0.007,0.996,-0.159,1.135,-0.183
2016-11-17 02:12:00.927,10.581,0.044,-0.081,-0.006,0.996,-0.161,1.135,-0.183
2016-11-17 02:12:00.938,10.581,0.044,-0.086,-0.004,0.995,-0.162,1.135,-0.183
2016-11-17 02:12:00.949,10.581,0.044,-0.091,-0.003,0.995,-0.163,1.135,-0.182
2016-11-17 02:12:00.960,10.603,0.044,-0.096,-0.001,0.994,-0.164,1.135,-0.182
2016-11-17 02:12:00.972,10.603,0.044,-0.101,0.000,0.994,-0.165,1.135,-0.182
2016-11-17 02:12:00.983,10.624,0.045,-0.107,0.002,0.993,-0.166,1.135,-0.182
2016-11-17 02:12:00.994,10.624,0.045,-0.112,0.003,0.993,-0.167,1.135,-0.182
2016-11-17 02:12:01.005,10.645,0.045,-0.118,0.004,0.992,-0.167,1.136,-0.182
2016-11-17 02:12:01.017,10.667,0.045,-0.124,0.005,0.991,-0.168,1.136,-0.181
2016-11-17 02:12:01.028,10.667,0.046,-0.130,0.005,0.990,-0.169,1.136,-0.181
2016-11-17 02:12:01.039,10.688,0.046,-0.135,0.006,0.990,-0.170,1.136,-0.181
2016-11-17 02:12:01.050,10.688,0.047,-0.141,0.006,0.989,-0.170,1.136,-0.181
2016-11-17 02:12:01.061,10.709,0.047,-0.147,0.006,0.988,-0.171,1.135,-0.181
2016-11-17 02:12:01.072,10.709,0.048,-0.153,0.007,0.987,-0.171,1.135,-0.180
2016-11-17 02:12:01.083,10.731,0.049,-0.159,0.007,0.986,-0.172,1.135,-0.180
2016-11-17 02:12:01.095,10.731,0.050,-0.164,0.008,0.985,-0.172,1.135,-0.180
2016-11-17 02:12:01.105,10.752,0.051,-0.170,0.008,0.984,-0.173,1.135,-0.180
2016-11-17 02:12:01.117,10.752,0.052,-0.175,0.008,0.983,-0.173,1.134,-0.179
2016-11-17 02:12:01.128,10.773,0.053,-0.181,0.009,0.982,-0.173,1.134,-0.179
2016-11-17 02:12:01.139,10.773,0.054,-0.186,0.009,0.981,-0.173,1.134,-0.179
2016-11-17 02:12:01.150,10.795,0.055,-0.192,0.009,0.980,-0.174,1.134,-0.179
2016-11-17 02:12:01.162,10.795,0.056,-0.197,0.010,0.979,-0.174,1.134,-0.179
2016-11-17 02:12:01.173,10.816,0.057,-0.203,0.010,0.977,-0.174,1.134,-0.179
2016-11-17 02:12:01.184,10.816,0.059,-0.209,0.011,0.976,-0.174,1.134,-0.179
2016-11-17 02:12:01.195,10.837,0.060,-0.214,0.012,0.975,-0.175,1.134,-0.179
2016-11-17 02:12:01.206,10.859,0.061,-0.220,0.013,0.974,-0.175,1.134,-0.179
2016-11-17 02:12:01.218,10.859,0.061,-0.226,0.014,0.972,-0.175,1.134,-0.179
2016-11-17 02:12:01.229,10.880,0.063,-0.231,0.014,0.971,-0.175,1.134,-0.178
2016-11-17 02:12:01.240,10.880,0.064,-0.236,0.015,0.970,-0.175,1.134,-0.179
2016-11-17 02:12:01.251,10.901,0.064,-0.241,0.015,0.968,-0.175,1.134,-0.179
2016-11-17 02:12:01.262,10.901,0.065,-0.245,0.016,0.967,-0.175,1.134,-0.179
2016-11-17 02:12:01.273,10.901,0.066,-0.249,0.016,0.966,-0.175,1.134,-0.179
2016-11-17 02:12:01.284,10.923,0.066,-0.253,0.016,0.965,-0.175,1.135,-0.179
2016-11-17 02:12:01.296,10.944,0.066,-0.257,0.017,0.964,-0.174,1.135,-0.179
2016-11-17 02:12:01.306,10.944,0.066,-0.260,0.017,0.963,-0.174,1.135,-0.179
2016-11-17 02:12:01.318,10.965,0.066,-0.264,0.017,0.962,-0.174,1.135,-0.179
2016-11-17 02:12:01.329,10.965,0.066,-0.267,0.018,0.961,-0.174,1.135,-0.179
2016-11-17 02:12:01.340,10.987,0.066,-0.270,0.018,0.961,-0.173,1.135,-0.180
2016-11-17 02:12:01.352,10.987,0.066,-0.272,0.018,0.960,-0.173,1.135,-0.180
2016-11-17 02:12:01.363,11.008,0.067,-0.275,0.018,0.959,-0.173,1.135,-0.180
2016-11-17 02:12:01.374,11.008,0.067,-0.277,0.017,0.958,-0.172,1.134,-0.180
2016-11-17 02:12:01.385,11.029,0.067,-0.280,0.017,0.958,-0.172,1.134,-0.180
2016-11-17 02:12:01.397,11.051,0.067,-0.282,0.017,0.957,-0.172,1.134,-0.181
2016-11-17 02:12:01.408,11.051,0.067,-0.285,0.017,0.956,-0.171,1.134,-0.181
2016-11-17 02:12:01.419,11.051,0.067,-0.287,0.017,0.955,-0.171,1.134,-0.181
2016-11-17 02:12:01.430,11.072,0.067,-0.289,0.016,0.955,-0.170,1.134,-0.181
2016-11-17 02:12:01.441,11.072,0.067,-0.292,0.016,0.954,-0.170,1.134,-0.182
2016-11-17 02:12:01.452,11.093,0.067,-0.295,0.015,0.953,-0.170,1.134,-0.182
2016-11-17 02:12:01.463,11.093,0.067,-0.298,0.015,0.952,-0.170,1.134,-0.182
2016-11-17 02:12:01.474,11.115,0.067,-0.301,0.014,0.951,-0.169,1.134,-0.183
2016-11-17 02:12:01.486,11.136,0.067,-0.304,0.014,0.950,-0.169,1.133,-0.183
2016-11-17 02:12:01.496,11.136,0.067,-0.307,0.013,0.949,-0.169,1.133,-0.184
2016-11-17 02:12:01.508,11.157,0.067,-0.310,0.013,0.948,-0.169,1.133,-0.184
2016-11-17 02:12:01.519,11.157,0.066,-0.313,0.013,0.947,-0.169,1.133,-0.185
2016-11-17 02:12:01.531,11.179,0.066,-0.316,0.013,0.946,-0.169,1.133,-0.185
2016-11-17 02:12:01.542,11.179,0.066,-0.320,0.013,0.945,-0.169,1.133,-0.185
2016-11-17 02:12:01.553,11.200,0.065,-0.323,0.013,0.944,-0.169,1.133,-0.186
2016-11-17 02:12:01.564,11.200,0.065,-0.327,0.013,0.943,-0.170,1.133,-0.186
2016-11-17 02:12:01.575,11.221,0.065,-0.330,0.013,0.942,-0.170,1.133,-0.187
2016-11-17 02:12:01.587,11.221,0.065,-0.334,0.013,0.940,-0.170,1.133,-0.188
2016-11-17 02:12:01.597,11.243,0.065,-0.338,0.014,0.939,-0.170,1.133,-0.188
2016-11-17 02:12:01.608,11.243,0.064,-0.341,0.014,0.938,-0.171,1.133,-0.189
2016-11-17 02:12:01.619,11.264,0.064,-0.345,0.014,0.936,-0.171,1.132,-0.189
2016-11-17 02:12:01.631,11.264,0.064,-0.349,0.014,0.935,-0.171,1.132,-0.190
2016-11-17 02:12:01.642,11.285,0.064,-0.352,0.014,0.934,-0.172,1.132,-0.190
2016-11-17 02:12:01.653,11.285,0.064,-0.356,0.015,0.932,-0.172,1.132,-0.191
2016-11-17 02:12:01.664,11.307,0.064,-0.359,0.015,0.931,-0.172,1.132,-0.191
2016-11-17 02:12:01.675,11.328,0.065,-0.363,0.016,0.930,-0.173,1.131,-0.192
2016-11-17 02:12:01.687,11.328,0.065,-0.366,0.016,0.928,-0.173,1.131,-0.193
2016-11-17 02:12:01.698,11.349,0.065,-0.370,0.016,0.927,-0.174,1.131,-0.193
2016-11-17 02:12:01.709,11.349,0.065,-0.373,0.017,0.925,-0.174,1.131,-0.194
2016-11-17 02:12:01.720,11.371,0.065,-0.377,0.017,0.924,-0.175,1.131,-0.195
2016-11-17 02:12:01.731,11.371,0.066,-0.381,0.018,0.922,-0.175,1.131,-0.195
2016-11-17 02:12:01.743,11.392,0.066,-0.384,0.019,0.921,-0.176,1.130,-0.196
2016-11-17 02:12:01.754,11.392,0.066,-0.388,0.019,0.919,-0.176,1.130,-0.196
2016-11-17 02:12:01.765,11.413,0.066,-0.391,0.020,0.918,-0.177,1.130,-0.197
2016-11-17 02:12:01.776,11.413,0.066,-0.395,0.021,0.916,-0.177,1.130,-0.198
2016-11-17 02:12:01.787,11.435,0.066,-0.398,0.022,0.915,-0.177,1.130,-0.198
2016-11-17 02:12:01.798,11.435,0.066,-0.402,0.023,0.913,-0.178,1.130,-0.199
2016-11-17 02:12:01.809,11.456,0.066,-0.406,0.023,0.911,-0.178,1.130,-0.200
2016-11-17 02:12:01.821,11.456,0.066,-0.409,0.024,0.910,-0.179,1.129,-0.200
2016-11-17 02:12:01.832,11.477,0.066,-0.413,0.025,0.908,-0.179,1.129,-0.201
2016-11-17 02:12:01.843,11.477,0.065,-0.417,0.025,0.906,-0.180,1.129,-0.202
2016-11-17 02:12:01.854,11.499,0.065,-0.421,0.026,0.905,-0.180,1.129,-0.202
2016-11-17 02:12:01.866,11.520,0.065,-0.424,0.027,0.903,-0.181,1.130,-0.203
2016-11-17 02:12:01.876,11.520,0.064,-0.428,0.027,0.901,-0.181,1.130,-0.204
2016-11-17 02:12:01.887,11.541,0.064,-0.432,0.028,0.899,-0.182,1.130,-0.204
2016-11-17 02:12:01.898,11.541,0.064,-0.436,0.029,0.897,-0.182,1.130,-0.205
2016-11-17 02:12:01.910,11.541,0.064,-0.440,0.029,0.895,-0.183,1.130,-0.205
2016-11-17 02:12:01.921,11.563,0.063,-0.444,0.030,0.893,-0.183,1.130,-0.206
2016-11-17 02:12:01.933,11.563,0.063,-0.448,0.031,0.891,-0.184,1.130,-0.206
2016-11-17 02:12:01.944,11.584,0.063,-0.451,0.032,0.890,-0.184,1.130,-0.207
2016-11-17 02:12:01.955,11.605,0.062,-0.455,0.032,0.888,-0.184,1.130,-0.207
2016-11-17 02:12:01.966,11.605,0.062,-0.459,0.033,0.886,-0.184,1.130,-0.208
2016-11-17 02:12:01.977,11.627,0.061,-0.463,0.033,0.884,-0.184,1.130,-0.209
2016-11-17 02:12:01.988,11.627,0.061,-0.467,0.034,0.881,-0.185,1.130,-0.209
2016-11-17 02:12:01.999,11.648,0.061,-0.471,0.035,0.879,-0.185,1.130,-0.209
2016-11-17 02:12:02.011,11.648,0.061,-0.475,0.035,0.877,-0.185,1.130,-0.210
2016-11-17 02:12:02.021,11.669,0.060,-0.479,0.036,0.875,-0.185,1.130,-0.210
2016-11-17 02:12:02.033,11.669,0.060,-0.483,0.037,0.873,-0.185,1.130,-0.211
2016-11-17 02:12:02.044,11.691,0.060,-0.487,0.037,0.871,-0.185,1.130,-0.211
2016-11-17 02:12:02.055,11.712,0.060,-0.491,0.038,0.868,-0.184,1.130,-0.211
2016-11-17 02:12:02.067,11.712,0.060,-0.495,0.038,0.866,-0.184,1.130,-0.212
2016-11-17 02:12:02.077,11.712,0.060,-0.499,0.038,0.863,-0.184,1.130,-0.212
2016-11-17 02:12:02.088,11.733,0.059,-0.504,0.039,0.861,-0.184,1.130,-0.213
2016-11-17 02:12:02.100,11.733,0.059,-0.508,0.039,0.859,-0.184,1.130,-0.213
2016-11-17 02:12:02.111,11.755,0.059,-0.512,0.039,0.856,-0.184,1.130,-0.213
2016-11-17 02:12:02.123,11.755,0.059,-0.516,0.039,0.854,-0.184,1.130,-0.214
2016-11-17 02:12:02.133,11.776,0.059,-0.519,0.039,0.852,-0.183,1.131,-0.214
2016-11-17 02:12:02.145,11.776,0.059,-0.523,0.039,0.849,-0.183,1.131,-0.214
2016-11-17 02:12:02.156,11.797,0.059,-0.527,0.039,0.847,-0.183,1.131,-0.214
2016-11-17 02:12:02.167,11.819,0.059,-0.531,0.039,0.845,-0.182,1.131,-0.215
2016-11-17 02:12:02.178,11.819,0.059,-0.534,0.039,0.842,-0.182,1.131,-0.215
2016-11-17 02:12:02.189,11.840,0.059,-0.538,0.039,0.840,-0.182,1.131,-0.215
2016-11-17 02:12:02.200,11.840,0.059,-0.541,0.039,0.838,-0.181,1.131,-0.215
2016-11-17 02:12:02.211,11.861,0.060,-0.544,0.039,0.836,-0.181,1.131,-0.215
2016-11-17 02:12:02.223,11.861,0.060,-0.548,0.038,0.834,-0.181,1.131,-0.216
2016-11-17 02:12:02.234,11.883,0.060,-0.551,0.038,0.832,-0.180,1.131,-0.216
2016-11-17 02:12:02.245,11.883,0.060,-0.554,0.038,0.830,-0.180,1.131,-0.216
2016-11-17 02:12:02.256,11.904,0.061,-0.557,0.038,0.827,-0.180,1.131,-0.216
2016-11-17 02:12:02.267,11.904,0.061,-0.560,0.038,0.825,-0.179,1.131,-0.216
2016-11-17 02:12:02.278,11.925,0.062,-0.563,0.038,0.824,-0.179,1.131,-0.216
2016-11-17 02:12:02.290,11.925,0.062,-0.565,0.038,0.822,-0.178,1.131,-0.216
2016-11-17 02:12:02.301,11.947,0.063,-0.567,0.038,0.820,-0.178,1.131,-0.215
2016-11-17 02:12:02.313,11.947,0.062,-0.570,0.038,0.819,-0.177,1.131,-0.215
2016-11-17 02:12:02.323,11.968,0.063,-0.572,0.037,0.817,-0.177,1.131,-0.215
2016-11-17 02:12:02.334,11.968,0.063,-0.574,0.037,0.816,-0.176,1.131,-0.215
2016-11-17 02:12:02.346,11.989,0.063,-0.576,0.036,0.814,-0.176,1.131,-0.215
2016-11-17 02:12:02.357,12.011,0.063,-0.578,0.036,0.813,-0.175,1.131,-0.214
2016-11-17 02:12:02.368,12.011,0.063,-0.580,0.035,0.812,-0.174,1.131,-0.214
2016-11-17 02:12:02.379,12.032,0.064,-0.581,0.035,0.810,-0.174,1.131,-0.214
2016-11-17 02:12:02.391,12.032,0.064,-0.583,0.034,0.809,-0.174,1.131,-0.214
2016-11-17 02:12:02.401,12.032,0.064,-0.585,0.033,0.808,-0.173,1.131,-0.213
2016-11-17 02:12:02.412,12.053,0.065,-0.586,0.032,0.807,-0.172,1.131,-0.213
2016-11-17 02:12:02.424,12.053,0.065,-0.588,0.032,0.806,-0.172,1.131,-0.213
2016-11-17 02:12:02.435,12.075,0.066,-0.589,0.031,0.804,-0.171,1.130,-0.213
2016-11-17 02:12:02.446,12.096,0.066,-0.591,0.031,0.803,-0.171,1.130,-0.212
2016-11-17 02:12:02.458,12.096,0.067,-0.593,0.031,0.802,-0.170,1.130,-0.212
2016-11-17 02:12:02.469,12.117,0.067,-0.594,0.030,0.801,-0.170,1.130,-0.212
2016-11-17 02:12:02.480,12.117,0.067,-0.596,0.030,0.799,-0.169,1.129,-0.212
2016-11-17 02:12:02.491,12.139,0.068,-0.598,0.030,0.798,-0.169,1.129,-0.212
2016-11-17 02:12:02.502,12.139,0.068,-0.599,0.030,0.797,-0.169,1.129,-0.212
2016-11-17 02:12:02.513,12.160,0.068,-0.601,0.029,0.796,-0.168,1.129,-0.212
2016-11-17 02:12:02.525,12.181,0.068,-0.603,0.029,0.794,-0.168,1.129,-0.212
2016-11-17 02:12:02.536,12.181,0.069,-0.605,0.029,0.793,-0.167,1.129,-0.212
2016-11-17 02:12:02.547,12.203,0.069,-0.607,0.029,0.791,-0.167,1.129,-0.212
2016-11-17 02:12:02.558,12.203,0.069,-0.609,0.029,0.790,-0.166,1.129,-0.212
2016-11-17 02:12:02.569,12.203,0.069,-0.611,0.029,0.788,-0.166,1.129,-0.212
2016-11-17 02:12:02.580,12.224,0.070,-0.613,0.029,0.787,-0.166,1.129,-0.212
2016-11-17 02:12:02.591,12.224,0.070,-0.614,0.029,0.785,-0.165,1.128,-0.213
2016-11-17 02:12:02.602,12.245,0.071,-0.616,0.029,0.784,-0.165,1.129,-0.213
2016-11-17 02:12:02.613,12.245,0.071,-0.618,0.029,0.783,-0.165,1.128,-0.213
2016-11-17 02:12:02.625,12.267,0.072,-0.619,0.029,0.782,-0.165,1.128,-0.213
2016-11-17 02:12:02.636,12.288,0.072,-0.620,0.028,0.781,-0.164,1.128,-0.213
2016-11-17 02:12:02.647,12.288,0.072,-0.621,0.028,0.780,-0.164,1.128,-0.213
2016-11-17 02:12:02.658,12.309,0.072,-0.622,0.028,0.779,-0.164,1.128,-0.213
2016-11-17 02:12:02.670,12.309,0.072,-0.623,0.029,0.778,-0.164,1.128,-0.213
2016-11-17 02:12:02.681,12.331,0.073,-0.624,0.029,0.778,-0.164,1.128,-0.214
2016-11-17 02:12:02.692,12.331,0.073,-0.624,0.029,0.777,-0.163,1.128,-0.214
2016-11-17 02:12:02.703,12.352,0.073,-0.625,0.029,0.777,-0.163,1.128,-0.214
2016-11-17 02:12:02.715,12.352,0.073,-0.625,0.030,0.777,-0.163,1.128,-0.214
2016-11-17 02:12:02.725,12.373,0.073,-0.626,0.030,0.776,-0.163,1.128,-0.214
2016-11-17 02:12:02.737,12.373,0.072,-0.626,0.031,0.776,-0.163,1.128,-0.214
2016-11-17 02:12:02.748,12.395,0.072,-0.627,0.031,0.775,-0.162,1.128,-0.215
2016-11-17 02:12:02.759,12.395,0.071,-0.627,0.032,0.775,-0.162,1.128,-0.215
2016-11-17 02:12:02.770,12.416,0.071,-0.627,0.032,0.775,-0.162,1.128,-0.215
2016-11-17 02:12:02.782,12.416,0.071,-0.628,0.032,0.775,-0.162,1.128,-0.215
2016-11-17 02:12:02.792,12.437,0.071,-0.628,0.032,0.774,-0.162,1.129,-0.215
2016-11-17 02:12:02.803,12.437,0.070,-0.628,0.031,0.774,-0.161,1.129,-0.215
2016-11-17 02:12:02.815,12.459,0.070,-0.628,0.031,0.774,-0.161,1.129,-0.215
2016-11-17 02:12:02.826,12.480,0.069,-0.628,0.031,0.774,-0.161,1.129,-0.215
2016-11-17 02:12:02.837,12.480,0.068,-0.628,0.031,0.774,-0.161,1.129,-0.215
2016-11-17 02:12:02.848,12.501,0.068,-0.628,0.030,0.775,-0.161,1.129,-0.215
2016-11-17 02:12:02.859,12.501,0.067,-0.628,0.030,0.775,-0.161,1.130,-0.215
2016-11-17 02:12:02.871,12.523,0.067,-0.628,0.030,0.775,-0.160,1.129,-0.214
2016-11-17 02:12:02.882,12.523,0.067,-0.627,0.030,0.775,-0.160,1.129,-0.214
2016-11-17 02:12:02.893,12.523,0.067,-0.627,0.030,0.776,-0.160,1.129,-0.214
2016-11-17 02:12:02.904,12.544,0.067,-0.626,0.029,0.776,-0.160,1.129,-0.214
2016-11-17 02:12:02.915,12.565,0.067,-0.626,0.029,0.777,-0.160,1.129,-0.214
2016-11-17 02:12:02.927,12.565,0.067,-0.625,0.029,0.777,-0.160,1.129,-0.214
2016-11-17 02:12:02.938,12.587,0.067,-0.625,0.029,0.778,-0.160,1.129,-0.214
2016-11-17 02:12:02.949,12.587,0.067,-0.624,0.029,0.778,-0.160,1.129,-0.214
2016-11-17 02:12:02.960,12.608,0.067,-0.623,0.029,0.779,-0.160,1.129,-0.214
2016-11-17 02:12:02.971,12.608,0.068,-0.622,0.029,0.779,-0.160,1.129,-0.214
2016-11-17 02:12:02.982,12.629,0.068,-0.621,0.029,0.780,-0.160,1.129,-0.214
2016-11-17 02:12:02.994,12.629,0.068,-0.620,0.029,0.781,-0.160,1.128,-0.214
2016-11-17 02:12:03.004,12.651,0.069,-0.619,0.029,0.782,-0.160,1.129,-0.214
2016-11-17 02:12:03.016,12.672,0.069,-0.618,0.029,0.783,-0.160,1.129,-0.214
2016-11-17 02:12:03.027,12.672,0.069,-0.616,0.028,0.784,-0.160,1.129,-0.214
2016-11-17 02:12:03.038,12.693,0.069,-0.615,0.028,0.785,-0.160,1.129,-0.214
2016-11-17 02:12:03.050,12.693,0.069,-0.613,0.029,0.787,-0.161,1.129,-0.214
2016-11-17 02:12:03.061,12.693,0.069,-0.611,0.029,0.788,-0.161,1.129,-0.214
2016-11-17 02:12:03.072,12.715,0.069,-0.609,0.029,0.790,-0.161,1.129,-0.214
2016-11-17 02:12:03.083,12.715,0.069,-0.607,0.029,0.791,-0.161,1.129,-0.214
2016-11-17 02:12:03.094,12.736,0.069,-0.604,0.030,0.793,-0.160,1.129,-0.214
2016-11-17 02:12:03.105,12.757,0.068,-0.602,0.030,0.795,-0.160,1.129,-0.213
2016-11-17 02:12:03.117,12.757,0.068,-0.599,0.031,0.797,-0.160,1.129,-0.213
2016-11-17 02:12:03.127,12.779,0.068,-0.596,0.031,0.799,-0.160,1.129,-0.213
2016-11-17 02:12:03.138,12.779,0.067,-0.594,0.031,0.801,-0.160,1.129,-0.213
2016-11-17 02:12:03.150,12.800,0.066,-0.591,0.032,0.803,-0.160,1.129,-0.213
2016-11-17 02:12:03.161,12.800,0.066,-0.588,0.032,0.805,-0.161,1.130,-0.212
2016-11-17 02:12:03.172,12.821,0.065,-0.586,0.033,0.807,-0.161,1.130,-0.212
2016-11-17 02:12:03.183,12.821,0.065,-0.583,0.033,0.809,-0.161,1.130,-0.212
2016-11-17 02:12:03.194,12.843,0.064,-0.580,0.033,0.811,-0.161,1.130,-0.212
2016-11-17 02:12:03.205,12.843,0.064,-0.578,0.033,0.813,-0.161,1.130,-0.212
2016-11-17 02:12:03.217,12.864,0.063,-0.576,0.033,0.815,-0.161,1.131,-0.212
2016-11-17 02:12:03.229,12.864,0.063,-0.573,0.033,0.816,-0.161,1.131,-0.211
2016-11-17 02:12:03.239,12.885,0.062,-0.571,0.033,0.818,-0.161,1.131,-0.211
2016-11-17 02:12:03.251,12.885,0.062,-0.568,0.032,0.820,-0.161,1.131,-0.211
2016-11-17 02:12:03.262,12.907,0.062,-0.566,0.032,0.821,-0.162,1.131,-0.211
2016-11-17 02:12:03.273,12.907,0.062,-0.564,0.032,0.823,-0.162,1.131,-0.211
2016-11-17 02:12:03.284,12.928,0.061,-0.561,0.032,0.825,-0.162,1.131,-0.210
2016-11-17 02:12:03.295,12.949,0.061,-0.559,0.031,0.827,-0.162,1.131,-0.210
2016-11-17 02:12:03.307,12.949,0.061,-0.556,0.031,0.829,-0.163,1.131,-0.210
2016-11-17 02:12:03.317,12.971,0.061,-0.552,0.031,0.831,-0.163,1.131,-0.210
2016-11-17 02:12:03.328,12.971,0.061,-0.549,0.030,0.833,-0.163,1.131,-0.210
2016-11-17 02:12:03.340,12.992,0.062,-0.545,0.030,0.836,-0.163,1.131,-0.209
2016-11-17 02:12:03.351,12.992,0.062,-0.541,0.029,0.838,-0.163,1.131,-0.209
2016-11-17 02:12:03.362,13.013,0.064,-0.535,0.028,0.842,-0.163,1.131,-0.208
2016-11-17 02:12:03.373,13.013,0.065,-0.530,0.028,0.845,-0.163,1.131,-0.208
2016-11-17 02:12:03.384,13.035,0.067,-0.524,0.027,0.849,-0.164,1.131,-0.207
2016-11-17 02:12:03.395,13.035,0.068,-0.518,0.027,0.852,-0.164,1.131,-0.207
2016-11-17 02:12:03.407,13.056,0.068,-0.512,0.028,0.856,-0.164,1.131,-0.206
2016-11-17 02:12:03.419,13.056,0.069,-0.506,0.028,0.859,-0.164,1.131,-0.205
2016-11-17 02:12:03.429,13.077,0.070,-0.500,0.027,0.863,-0.164,1.131,-0.205
2016-11-17 02:12:03.440,13.077,0.071,-0.494,0.027,0.866,-0.164,1.131,-0.204
2016-11-17 02:12:03.451,13.099,0.072,-0.488,0.026,0.870,-0.164,1.131,-0.203
2016-11-17 02:12:03.463,13.099,0.073,-0.481,0.026,0.873,-0.165,1.131,-0.202
2016-11-17 02:12:03.474,13.120,0.074,-0.474,0.025,0.877,-0.165,1.131,-0.202
2016-11-17 02:12:03.485,13.141,0.075,-0.467,0.025,0.881,-0.165,1.131,-0.201
2016-11-17 02:12:03.496,13.141,0.076,-0.459,0.024,0.885,-0.165,1.131,-0.200
2016-11-17 02:12:03.507,13.163,0.076,-0.452,0.024,0.888,-0.165,1.131,-0.200
2016-11-17 02:12:03.519,13.163,0.076,-0.445,0.023,0.892,-0.165,1.131,-0.199
2016-11-17 02:12:03.530,13.163,0.076,-0.438,0.023,0.896,-0.165,1.131,-0.198
2016-11-17 02:12:03.541,13.184,0.076,-0.431,0.023,0.899,-0.165,1.131,-0.197
2016-11-17 02:12:03.552,13.184,0.076,-0.424,0.023,0.902,-0.165,1.131,-0.197
2016-11-17 02:12:03.563,13.205,0.076,-0.418,0.023,0.905,-0.165,1.131,-0.196
2016-11-17 02:12:03.574,13.205,0.076,-0.411,0.022,0.908,-0.165,1.131,-0.195
2016-11-17 02:12:03.585,13.227,0.076,-0.405,0.022,0.911,-0.166,1.131,-0.194
2016-11-17 02:12:03.597,13.248,0.075,-0.398,0.021,0.914,-0.166,1.131,-0.194
2016-11-17 02:12:03.609,13.248,0.076,-0.392,0.020,0.917,-0.166,1.131,-0.193
2016-11-17 02:12:03.619,13.269,0.076,-0.385,0.020,0.919,-0.166,1.131,-0.192
2016-11-17 02:12:03.630,13.269,0.076,-0.379,0.019,0.922,-0.166,1.131,-0.192
2016-11-17 02:12:03.641,13.291,0.076,-0.373,0.018,0.925,-0.166,1.131,-0.191
2016-11-17 02:12:03.653,13.291,0.076,-0.366,0.017,0.927,-0.166,1.132,-0.190
2016-11-17 02:12:03.664,13.312,0.076,-0.359,0.016,0.930,-0.166,1.132,-0.189
2016-11-17 02:12:03.675,13.333,0.077,-0.352,0.015,0.933,-0.166,1.132,-0.188
2016-11-17 02:12:03.686,13.333,0.077,-0.345,0.014,0.935,-0.166,1.132,-0.187
2016-11-17 02:12:03.697,13.333,0.078,-0.337,0.013,0.938,-0.166,1.132,-0.186
2016-11-17 02:12:03.708,13.355,0.078,-0.328,0.012,0.941,-0.165,1.132,-0.185
2016-11-17 02:12:03.720,13.355,0.079,-0.319,0.011,0.944,-0.165,1.132,-0.184
2016-11-17 02:12:03.731,13.376,0.079,-0.309,0.010,0.948,-0.165,1.132,-0.183
2016-11-17 02:12:03.742,13.376,0.079,-0.299,0.010,0.951,-0.164,1.132,-0.182
2016-11-17 02:12:03.753,13.397,0.079,-0.288,0.009,0.954,-0.164,1.132,-0.181
2016-11-17 02:12:03.764,13.419,0.078,-0.277,0.007,0.958,-0.163,1.133,-0.180
2016-11-17 02:12:03.775,13.419,0.078,-0.265,0.006,0.961,-0.162,1.133,-0.179
2016-11-17 02:12:03.787,13.440,0.077,-0.252,0.005,0.965,-0.161,1.133,-0.178
2016-11-17 02:12:03.798,13.440,0.076,-0.239,0.003,0.968,-0.160,1.133,-0.176
2016-11-17 02:12:03.809,13.461,0.075,-0.225,0.002,0.971,-0.159,1.134,-0.175
2016-11-17 02:12:03.820,13.461,0.075,-0.211,0.001,0.975,-0.158,1.134,-0.174
2016-11-17 02:12:03.831,13.483,0.074,-0.197,0.000,0.978,-0.156,1.134,-0.173
2016-11-17 02:12:03.843,13.483,0.074,-0.182,-0.001,0.980,-0.155,1.134,-0.172
2016-11-17 02:12:03.853,13.504,0.073,-0.167,-0.002,0.983,-0.154,1.134,-0.171
2016-11-17 02:12:03.865,13.504,0.073,-0.151,-0.004,0.986,-0.153,1.135,-0.170
2016-11-17 02:12:03.876,13.525,0.073,-0.135,-0.005,0.988,-0.151,1.135,-0.169
2016-11-17 02:12:03.887,13.525,0.072,-0.119,-0.005,0.990,-0.150,1.135,-0.168
2016-11-17 02:12:03.898,13.547,0.071,-0.103,-0.006,0.992,-0.148,1.135,-0.168
2016-11-17 02:12:03.909,13.547,0.071,-0.086,-0.007,0.994,-0.147,1.136,-0.167
2016-11-17 02:12:03.920,13.568,0.071,-0.069,-0.008,0.995,-0.145,1.136,-0.166
2016-11-17 02:12:03.932,13.568,0.071,-0.051,-0.009,0.996,-0.143,1.136,-0.166
2016-11-17 02:12:03.943,13.589,0.070,-0.032,-0.011,0.997,-0.141,1.136,-0.165
2016-11-17 02:12:03.954,13.589,0.070,-0.013,-0.012,0.997,-0.139,1.136,-0.165
2016-11-17 02:12:03.965,13.611,0.069,0.007,-0.013,0.998,-0.137,1.137,-0.165
2016-11-17 02:12:03.977,13.632,0.068,0.027,-0.014,0.997,-0.135,1.137,-0.164
2016-11-17 02:12:03.988,13.632,0.068,0.048,-0.014,0.996,-0.133,1.137,-0.164
2016-11-17 02:12:03.999,13.653,0.068,0.070,-0.015,0.995,-0.130,1.138,-0.165
2016-11-17 02:12:04.010,13.653,0.067,0.092,-0.016,0.993,-0.128,1.138,-0.165
2016-11-17 02:12:04.021,13.653,0.066,0.115,-0.017,0.991,-0.125,1.138,-0.166
2016-11-17 02:12:04.032,13.675,0.065,0.139,-0.017,0.988,-0.122,1.139,-0.166
2016-11-17 02:12:04.043,13.675,0.064,0.162,-0.017,0.985,-0.120,1.139,-0.167
2016-11-17 02:12:04.054,13.696,0.062,0.186,-0.017,0.980,-0.117,1.140,-0.168
2016-11-17 02:12:04.066,13.717,0.061,0.210,-0.017,0.976,-0.115,1.140,-0.169
2016-11-17 02:12:04.077,13.717,0.059,0.234,-0.018,0.970,-0.112,1.141,-0.170
2016-11-17 02:12:04.088,13.739,0.058,0.259,-0.019,0.964,-0.110,1.142,-0.172
2016-11-17 02:12:04.099,13.739,0.057,0.283,-0.019,0.957,-0.107,1.142,-0.173
2016-11-17 02:12:04.110,13.760,0.055,0.308,-0.019,0.950,-0.105,1.143,-0.175
2016-11-17 02:12:04.122,13.760,0.054,0.332,-0.019,0.941,-0.103,1.143,-0.177
2016-11-17 02:12:04.132,13.781,0.053,0.356,-0.019,0.933,-0.100,1.144,-0.180
2016-11-17 02:12:04.144,13.781,0.051,0.380,-0.019,0.923,-0.098,1.145,-0.182
2016-11-17 02:12:04.155,13.803,0.050,0.405,-0.020,0.913,-0.097,1.145,-0.185
2016-11-17 02:12:04.166,13.824,0.048,0.429,-0.020,0.902,-0.095,1.146,-0.188
2016-11-17 02:12:04.178,13.824,0.045,0.453,-0.021,0.890,-0.093,1.147,-0.191
2016-11-17 02:12:04.189,13.824,0.041,0.477,-0.021,0.878,-0.092,1.148,-0.195
2016-11-17 02:12:04.200,13.845,0.035,0.500,-0.022,0.865,-0.090,1.149,-0.198
2016-11-17 02:12:04.211,13.845,0.029,0.523,-0.025,0.852,-0.089,1.150,-0.201
2016-11-17 02:12:04.222,13.867,0.024,0.545,-0.028,0.838,-0.088,1.151,-0.205
2016-11-17 02:12:04.234,13.867,0.019,0.566,-0.030,0.824,-0.088,1.151,-0.208
2016-11-17 02:12:04.244,13.888,0.014,0.586,-0.032,0.809,-0.087,1.152,-0.211
2016-11-17 02:12:04.256,13.909,0.010,0.605,-0.034,0.795,-0.087,1.152,-0.215
2016-11-17 02:12:04.267,13.909,0.007,0.624,-0.034,0.780,-0.087,1.153,-0.218
2016-11-17 02:12:04.278,13.931,0.004,0.642,-0.035,0.766,-0.087,1.153,-0.221
2016-11-17 02:12:04.289,13.931,0.001,0.659,-0.036,0.751,-0.087,1.153,-0.225
2016-11-17 02:12:04.300,13.952,-0.001,0.676,-0.037,0.736,-0.088,1.154,-0.228
2016-11-17 02:12:04.312,13.952,-0.003,0.691,-0.038,0.721,-0.088,1.154,-0.231
2016-11-17 02:12:04.322,13.973,-0.005,0.706,-0.039,0.707,-0.089,1.155,-0.234
2016-11-17 02:12:04.334,13.973,-0.007,0.721,-0.040,0.692,-0.090,1.155,-0.236
2016-11-17 02:12:04.345,13.995,-0.009,0.734,-0.041,0.678,-0.090,1.155,-0.239
2016-11-17 02:12:04.357,13.995,-0.011,0.746,-0.041,0.665,-0.091,1.156,-0.241
2016-11-17 02:12:04.367,14.016,-0.013,0.757,-0.042,0.651,-0.093,1.156,-0.243
2016-11-17 02:12:04.379,14.016,-0.015,0.769,-0.042,0.638,-0.093,1.157,-0.245
2016-11-17 02:12:04.390,14.037,-0.016,0.779,-0.043,0.625,-0.094,1.158,-0.247
2016-11-17 02:12:04.401,14.037,-0.018,0.789,-0.044,0.613,-0.095,1.159,-0.248
2016-11-17 02:12:04.412,14.059,-0.021,0.799,-0.046,0.600,-0.096,1.159,-0.250
2016-11-17 02:12:04.424,14.059,-0.024,0.808,-0.047,0.587,-0.097,1.160,-0.252
2016-11-17 02:12:04.434,14.080,-0.028,0.817,-0.048,0.573,-0.098,1.161,-0.253
2016-11-17 02:12:04.446,14.101,-0.031,0.827,-0.049,0.560,-0.100,1.161,-0.255
2016-11-17 02:12:04.457,14.101,-0.033,0.835,-0.049,0.547,-0.101,1.162,-0.256
2016-11-17 02:12:04.468,14.123,-0.034,0.844,-0.050,0.533,-0.102,1.162,-0.257
2016-11-17 02:12:04.479,14.123,-0.035,0.851,-0.051,0.521,-0.103,1.162,-0.258
2016-11-17 02:12:04.490,14.144,-0.036,0.859,-0.052,0.508,-0.105,1.162,-0.260
2016-11-17 02:12:04.501,14.144,-0.036,0.866,-0.053,0.496,-0.106,1.162,-0.260
2016-11-17 02:12:04.512,14.144,-0.037,0.873,-0.053,0.483,-0.107,1.162,-0.261
2016-11-17 02:12:04.523,14.165,-0.037,0.880,-0.054,0.471,-0.108,1.162,-0.262
2016-11-17 02:12:04.535,14.187,-0.038,0.886,-0.054,0.459,-0.109,1.162,-0.262
2016-11-17 02:12:04.547,14.187,-0.038,0.892,-0.055,0.448,-0.110,1.161,-0.263
2016-11-17 02:12:04.557,14.208,-0.039,0.897,-0.055,0.436,-0.111,1.161,-0.263
2016-11-17 02:12:04.569,14.208,-0.039,0.903,-0.056,0.424,-0.112,1.161,-0.264
2016-11-17 02:12:04.580,14.229,-0.039,0.908,-0.056,0.413,-0.113,1.161,-0.264
2016-11-17 02:12:04.592,14.229,-0.039,0.913,-0.057,0.401,-0.114,1.161,-0.265
2016-11-17 02:12:04.602,14.251,-0.039,0.918,-0.057,0.390,-0.115,1.160,-0.265
2016-11-17 02:12:04.613,14.251,-0.039,0.923,-0.058,0.380,-0.115,1.160,-0.266
2016-11-17 02:12:04.624,14.272,-0.039,0.927,-0.058,0.369,-0.116,1.160,-0.266
2016-11-17 02:12:04.635,14.293,-0.040,0.931,-0.059,0.358,-0.117,1.160,-0.266
2016-11-17 02:12:04.647,14.293,-0.040,0.935,-0.060,0.347,-0.118,1.159,-0.267
2016-11-17 02:12:04.658,14.315,-0.040,0.939,-0.061,0.337,-0.119,1.159,-0.267
2016-11-17 02:12:04.669,14.315,-0.040,0.942,-0.062,0.326,-0.120,1.159,-0.267
2016-11-17 02:12:04.680,14.315,-0.040,0.946,-0.062,0.316,-0.120,1.159,-0.267
2016-11-17 02:12:04.691,14.336,-0.040,0.949,-0.063,0.306,-0.121,1.158,-0.267
2016-11-17 02:12:04.702,14.336,-0.039,0.952,-0.064,0.296,-0.122,1.158,-0.267
2016-11-17 02:12:04.713,14.357,-0.039,0.955,-0.065,0.286,-0.122,1.158,-0.267
2016-11-17 02:12:04.725,14.379,-0.040,0.958,-0.065,0.275,-0.123,1.158,-0.267
2016-11-17 02:12:04.736,14.379,-0.040,0.961,-0.066,0.265,-0.124,1.158,-0.267
2016-11-17 02:12:04.748,14.400,-0.039,0.964,-0.066,0.255,-0.125,1.157,-0.267
2016-11-17 02:12:04.759,14.400,-0.039,0.967,-0.066,0.245,-0.126,1.157,-0.267
2016-11-17 02:12:04.770,14.421,-0.039,0.969,-0.066,0.235,-0.126,1.157,-0.267
2016-11-17 02:12:04.781,14.421,-0.038,0.971,-0.066,0.225,-0.127,1.157,-0.267
2016-11-17 02:12:04.792,14.443,-0.038,0.973,-0.066,0.217,-0.128,1.157,-0.266
2016-11-17 02:12:04.803,14.443,-0.037,0.975,-0.066,0.208,-0.129,1.157,-0.266
2016-11-17 02:12:04.814,14.464,-0.037,0.977,-0.065,0.200,-0.129,1.157,-0.266
2016-11-17 02:12:04.826,14.464,-0.036,0.979,-0.065,0.192,-0.130,1.157,-0.266
2016-11-17 02:12:04.836,14.485,-0.036,0.980,-0.064,0.184,-0.131,1.157,-0.265
2016-11-17 02:12:04.848,14.485,-0.036,0.981,-0.064,0.177,-0.131,1.157,-0.265
2016-11-17 02:12:04.859,14.507,-0.036,0.983,-0.063,0.170,-0.132,1.157,-0.264
2016-11-17 02:12:04.870,14.507,-0.036,0.984,-0.062,0.164,-0.132,1.157,-0.264
2016-11-17 02:12:04.881,14.528,-0.035,0.985,-0.062,0.157,-0.133,1.158,-0.263
2016-11-17 02:12:04.892,14.528,-0.035,0.986,-0.061,0.152,-0.133,1.158,-0.263
2016-11-17 02:12:04.903,14.549,-0.034,0.987,-0.061,0.146,-0.134,1.158,-0.262
2016-11-17 02:12:04.915,14.571,-0.033,0.988,-0.060,0.141,-0.134,1.159,-0.262
2016-11-17 02:12:04.926,14.571,-0.032,0.988,-0.059,0.137,-0.135,1.159,-0.261
2016-11-17 02:12:04.937,14.592,-0.032,0.989,-0.058,0.133,-0.135,1.159,-0.261
2016-11-17 02:12:04.949,14.592,-0.031,0.990,-0.057,0.128,-0.135,1.160,-0.261
2016-11-17 02:12:04.959,14.613,-0.031,0.990,-0.056,0.124,-0.136,1.160,-0.260
2016-11-17 02:12:04.970,14.613,-0.031,0.991,-0.055,0.120,-0.136,1.160,-0.260
2016-11-17 02:12:04.982,14.635,-0.031,0.991,-0.054,0.116,-0.136,1.161,-0.260
2016-11-17 02:12:04.993,14.635,-0.031,0.992,-0.054,0.113,-0.137,1.161,-0.259
2016-11-17 02:12:05.004,14.635,-0.031,0.992,-0.054,0.109,-0.137,1.161,-0.259
2016-11-17 02:12:05.015,14.656,-0.032,0.993,-0.053,0.104,-0.138,1.161,-0.259
2016-11-17 02:12:05.027,14.677,-0.032,0.993,-0.054,0.100,-0.139,1.160,-0.258
2016-11-17 02:12:05.037,14.677,-0.033,0.993,-0.053,0.096,-0.139,1.160,-0.258
2016-11-17 02:12:05.049,14.699,-0.033,0.994,-0.054,0.091,-0.140,1.160,-0.258
2016-11-17 02:12:05.060,14.699,-0.034,0.994,-0.054,0.086,-0.140,1.160,-0.258
2016-11-17 02:12:05.071,14.720,-0.034,0.995,-0.054,0.080,-0.141,1.159,-0.258
2016-11-17 02:12:05.082,14.720,-0.035,0.995,-0.054,0.075,-0.142,1.159,-0.257
2016-11-17 02:12:05.093,14.741,-0.035,0.995,-0.055,0.069,-0.143,1.159,-0.257
2016-11-17 02:12:05.105,14.763,-0.036,0.996,-0.055,0.063,-0.143,1.159,-0.257
2016-11-17 02:12:05.116,14.763,-0.036,0.996,-0.055,0.057,-0.144,1.159,-0.257
2016-11-17 02:12:05.127,14.784,-0.036,0.996,-0.056,0.052,-0.145,1.158,-0.257
2016-11-17 02:12:05.138,14.784,-0.036,0.997,-0.056,0.046,-0.146,1.158,-0.257
2016-11-17 02:12:05.149,14.784,-0.037,0.997,-0.056,0.040,-0.147,1.158,-0.257
2016-11-17 02:12:05.160,14.805,-0.037,0.997,-0.056,0.035,-0.148,1.158,-0.256
2016-11-17 02:12:05.172,14.805,-0.037,0.997,-0.056,0.030,-0.148,1.158,-0.256
2016-11-17 02:12:05.183,14.827,-0.037,0.997,-0.056,0.024,-0.149,1.158,-0.256
2016-11-17 02:12:05.194,14.827,-0.037,0.998,-0.056,0.019,-0.150,1.158,-0.256
2016-11-17 02:12:05.205,14.848,-0.037,0.998,-0.056,0.014,-0.151,1.158,-0.256
2016-11-17 02:12:05.216,14.869,-0.037,0.998,-0.056,0.009,-0.151,1.158,-0.256
2016-11-17 02:12:05.228,14.869,-0.038,0.998,-0.056,0.005,-0.152,1.158,-0.256
2016-11-17 02:12:05.238,14.891,-0.038,0.998,-0.056,0.000,-0.153,1.158,-0.256
2016-11-17 02:12:05.250,14.891,-0.038,0.998,-0.056,-0.004,-0.154,1.158,-0.256
2016-11-17 02:12:05.261,14.912,-0.038,0.998,-0.055,-0.007,-0.154,1.158,-0.256
2016-11-17 02:12:05.272,14.912,-0.039,0.998,-0.055,-0.011,-0.155,1.158,-0.255
2016-11-17 02:12:05.284,14.933,-0.039,0.998,-0.055,-0.014,-0.155,1.158,-0.255
2016-11-17 02:12:05.295,14.955,-0.039,0.998,-0.056,-0.016,-0.156,1.158,-0.255
2016-11-17 02:12:05.306,14.955,-0.040,0.997,-0.056,-0.019,-0.156,1.158,-0.255
2016-11-17 02:12:05.317,14.955,-0.040,0.997,-0.057,-0.021,-0.157,1.158,-0.255
2016-11-17 02:12:05.328,14.976,-0.040,0.997,-0.057,-0.023,-0.157,1.157,-0.255
2016-11-17 02:12:05.339,14.976,-0.040,0.997,-0.058,-0.024,-0.157,1.157,-0.255
2016-11-17 02:12:05.350,14.997,-0.039,0.997,-0.059,-0.025,-0.158,1.157,-0.255
2016-11-17 02:12:05.362,14.997,-0.039,0.997,-0.059,-0.025,-0.158,1.157,-0.255
2016-11-17 02:12:05.373,15.019,-0.038,0.997,-0.060,-0.025,-0.158,1.157,-0.255
2016-11-17 02:12:05.384,15.019,-0.038,0.997,-0.060,-0.024,-0.158,1.157,-0.255
2016-11-17 02:12:05.395,15.040,-0.038,0.997,-0.060,-0.023,-0.158,1.156,-0.255
2016-11-17 02:12:05.406,15.061,-0.038,0.997,-0.061,-0.021,-0.158,1.156,-0.255
2016-11-17 02:12:05.418,15.061,-0.037,0.997,-0.062,-0.020,-0.157,1.156,-0.255
2016-11-17 02:12:05.428,15.083,-0.037,0.997,-0.063,-0.017,-0.157,1.156,-0.255
2016-11-17 02:12:05.440,15.083,-0.036,0.997,-0.064,-0.014,-0.157,1.156,-0.255
2016-11-17 02:12:05.451,15.104,-0.035,0.997,-0.065,-0.010,-0.156,1.155,-0.255
2016-11-17 02:12:05.462,15.104,-0.033,0.997,-0.066,-0.006,-0.156,1.155,-0.255
2016-11-17 02:12:05.473,15.125,-0.032,0.997,-0.066,0.000,-0.155,1.155,-0.255
2016-11-17 02:12:05.485,15.125,-0.031,0.997,-0.067,0.007,-0.154,1.155,-0.255
2016-11-17 02:12:05.496,15.147,-0.030,0.997,-0.069,0.014,-0.153,1.154,-0.255
2016-11-17 02:12:05.507,15.147,-0.028,0.997,-0.070,0.023,-0.152,1.154,-0.255
2016-11-17 02:12:05.518,15.168,-0.027,0.997,-0.072,0.032,-0.151,1.153,-0.255
2016-11-17 02:12:05.530,15.168,-0.026,0.996,-0.074,0.042,-0.150,1.153,-0.255
2016-11-17 02:12:05.540,15.189,-0.025,0.995,-0.076,0.053,-0.148,1.152,-0.256
2016-11-17 02:12:05.552,15.189,-0.024,0.994,-0.079,0.065,-0.147,1.152,-0.256
2016-11-17 02:12:05.563,15.211,-0.023,0.993,-0.081,0.078,-0.145,1.151,-0.256
2016-11-17 02:12:05.574,15.211,-0.022,0.992,-0.085,0.093,-0.143,1.150,-0.256
2016-11-17 02:12:05.585,15.232,-0.021,0.990,-0.089,0.107,-0.142,1.150,-0.255
2016-11-17 02:12:05.596,15.253,-0.020,0.988,-0.093,0.121,-0.140,1.149,-0.255
2016-11-17 02:12:05.607,15.253,-0.018,0.986,-0.098,0.135,-0.138,1.148,-0.255
2016-11-17 02:12:05.618,15.275,-0.017,0.983,-0.103,0.149,-0.137,1.147,-0.255
2016-11-17 02:12:05.629,15.275,-0.016,0.981,-0.107,0.162,-0.135,1.146,-0.254
2016-11-17 02:12:05.640,15.275,-0.015,0.978,-0.110,0.175,-0.134,1.146,-0.254
2016-11-17 02:12:05.652,15.296,-0.014,0.976,-0.113,0.188,-0.132,1.145,-0.253
2016-11-17 02:12:05.664,15.296,-0.014,0.973,-0.116,0.200,-0.131,1.145,-0.252
2016-11-17 02:12:05.674,15.317,-0.014,0.970,-0.119,0.211,-0.130,1.145,-0.252
2016-11-17 02:12:05.686,15.339,-0.014,0.968,-0.121,0.221,-0.129,1.144,-0.251
2016-11-17 02:12:05.697,15.339,-0.014,0.965,-0.122,0.230,-0.128,1.144,-0.250
2016-11-17 02:12:05.708,15.360,-0.013,0.964,-0.122,0.238,-0.127,1.144,-0.250
2016-11-17 02:12:05.719,15.360,-0.012,0.962,-0.122,0.245,-0.127,1.144,-0.250
2016-11-17 02:12:05.730,15.381,-0.011,0.960,-0.122,0.251,-0.126,1.144,-0.249
2016-11-17 02:12:05.741,15.381,-0.010,0.959,-0.121,0.257,-0.126,1.144,-0.249
2016-11-17 02:12:05.752,15.403,-0.009,0.958,-0.121,0.261,-0.125,1.144,-0.248
2016-11-17 02:12:05.764,15.403,-0.008,0.956,-0.120,0.266,-0.125,1.144,-0.248
2016-11-17 02:12:05.775,15.424,-0.007,0.955,-0.119,0.270,-0.125,1.144,-0.248
2016-11-17 02:12:05.786,15.445,-0.006,0.955,-0.118,0.273,-0.124,1.144,-0.248
2016-11-17 02:12:05.797,15.445,-0.006,0.954,-0.117,0.276,-0.124,1.144,-0.248
2016-11-17 02:12:05.808,15.445,-0.005,0.954,-0.115,0.278,-0.124,1.144,-0.247
2016-11-17 02:12:05.819,15.467,-0.004,0.953,-0.114,0.279,-0.124,1.144,-0.247
2016-11-17 02:12:05.831,15.467,-0.004,0.953,-0.113,0.280,-0.124,1.145,-0.247
2016-11-17 02:12:05.842,15.488,-0.004,0.953,-0.113,0.281,-0.124,1.145,-0.247
2016-11-17 02:12:05.853,15.488,-0.004,0.953,-0.112,0.281,-0.124,1.145,-0.247
2016-11-17 02:12:05.864,15.509,-0.004,0.953,-0.112,0.282,-0.123,1.144,-0.247
2016-11-17 02:12:05.875,15.531,-0.004,0.953,-0.112,0.283,-0.123,1.144,-0.247
2016-11-17 02:12:05.887,15.531,-0.004,0.952,-0.112,0.283,-0.123,1.144,-0.247
2016-11-17 02:12:05.898,15.552,-0.004,0.952,-0.111,0.284,-0.123,1.144,-0.247
2016-11-17 02:12:05.909,15.552,-0.004,0.952,-0.112,0.284,-0.123,1.144,-0.247
2016-11-17 02:12:05.920,15.573,-0.004,0.952,-0.112,0.284,-0.123,1.144,-0.247
2016-11-17 02:12:05.931,15.573,-0.004,0.952,-0.112,0.284,-0.123,1.144,-0.247
2016-11-17 02:12:05.942,15.595,-0.004,0.952,-0.112,0.284,-0.123,1.143,-0.247
2016-11-17 02:12:05.954,15.595,-0.004,0.952,-0.112,0.284,-0.122,1.143,-0.247
2016-11-17 02:12:05.965,15.616,-0.003,0.952,-0.112,0.284,-0.122,1.143,-0.247
2016-11-17 02:12:05.976,15.616,-0.003,0.953,-0.113,0.283,-0.122,1.143,-0.247
2016-11-17 02:12:05.987,15.637,-0.002,0.953,-0.112,0.282,-0.122,1.143,-0.247
2016-11-17 02:12:05.998,15.637,-0.002,0.953,-0.112,0.280,-0.122,1.142,-0.247
2016-11-17 02:12:06.009,15.659,-0.001,0.954,-0.112,0.278,-0.122,1.142,-0.247
2016-11-17 02:12:06.021,15.659,-0.001,0.955,-0.112,0.276,-0.122,1.142,-0.248
2016-11-17 02:12:06.031,15.680,0.000,0.955,-0.111,0.273,-0.122,1.142,-0.248
2016-11-17 02:12:06.043,15.680,0.001,0.956,-0.111,0.270,-0.122,1.142,-0.248
2016-11-17 02:12:06.054,15.701,0.002,0.958,-0.111,0.266,-0.122,1.141,-0.248
2016-11-17 02:12:06.066,15.723,0.002,0.959,-0.110,0.261,-0.122,1.141,-0.248
2016-11-17 02:12:06.077,15.723,0.002,0.961,-0.110,0.255,-0.123,1.141,-0.249
2016-11-17 02:12:06.088,15.744,0.003,0.962,-0.109,0.249,-0.123,1.141,-0.249
2016-11-17 02:12:06.099,15.744,0.003,0.964,-0.108,0.243,-0.123,1.141,-0.249
2016-11-17 02:12:06.110,15.765,0.004,0.965,-0.107,0.238,-0.123,1.140,-0.249
2016-11-17 02:12:06.121,15.765,0.004,0.967,-0.106,0.233,-0.124,1.140,-0.250
2016-11-17 02:12:06.132,15.765,0.005,0.968,-0.106,0.228,-0.124,1.140,-0.250
2016-11-17 02:12:06.143,15.787,0.005,0.969,-0.105,0.223,-0.124,1.140,-0.250
2016-11-17 02:12:06.155,15.808,0.005,0.970,-0.105,0.218,-0.124,1.140,-0.250
2016-11-17 02:12:06.166,15.808,0.004,0.972,-0.104,0.213,-0.125,1.140,-0.250
2016-11-17 02:12:06.177,15.829,0.004,0.973,-0.104,0.207,-0.125,1.140,-0.250
2016-11-17 02:12:06.188,15.829,0.004,0.974,-0.103,0.201,-0.125,1.140,-0.250
2016-11-17 02:12:06.199,15.851,0.004,0.976,-0.101,0.195,-0.125,1.139,-0.250
2016-11-17 02:12:06.210,15.851,0.004,0.977,-0.100,0.188,-0.126,1.139,-0.250
2016-11-17 02:12:06.221,15.872,0.004,0.979,-0.099,0.180,-0.126,1.139,-0.250
2016-11-17 02:12:06.233,15.872,0.004,0.980,-0.097,0.171,-0.127,1.139,-0.251
2016-11-17 02:12:06.244,15.893,0.003,0.982,-0.095,0.161,-0.127,1.140,-0.251
2016-11-17 02:12:06.255,15.915,0.002,0.984,-0.093,0.150,-0.128,1.140,-0.251
2016-11-17 02:12:06.266,15.915,0.001,0.987,-0.090,0.136,-0.129,1.140,-0.252
2016-11-17 02:12:06.277,15.936,0.000,0.989,-0.087,0.121,-0.131,1.140,-0.252
2016-11-17 02:12:06.289,15.936,-0.001,0.991,-0.084,0.107,-0.132,1.140,-0.253
2016-11-17 02:12:06.300,15.936,-0.001,0.993,-0.081,0.092,-0.133,1.140,-0.253
2016-11-17 02:12:06.311,15.957,0.000,0.994,-0.078,0.076,-0.134,1.140,-0.253
2016-11-17 02:12:06.323,15.957,0.000,0.995,-0.076,0.061,-0.136,1.141,-0.254
2016-11-17 02:12:06.333,15.979,0.000,0.996,-0.073,0.045,-0.137,1.141,-0.254
2016-11-17 02:12:06.344,16.000,0.000,0.997,-0.071,0.029,-0.139,1.141,-0.254
2016-11-17 02:12:06.356,16.000,-0.001,0.998,-0.069,0.012,-0.140,1.141,-0.254
2016-11-17 02:12:06.366,16.021,-0.002,0.998,-0.067,-0.004,-0.142,1.141,-0.254
2016-11-17 02:12:06.378,16.021,-0.002,0.998,-0.064,-0.020,-0.143,1.141,-0.254
2016-11-17 02:12:06.389,16.043,-0.002,0.997,-0.062,-0.036,-0.145,1.141,-0.254
2016-11-17 02:12:06.400,16.043,-0.001,0.997,-0.059,-0.050,-0.146,1.141,-0.254
2016-11-17 02:12:06.412,16.064,-0.001,0.996,-0.057,-0.065,-0.147,1.142,-0.254
2016-11-17 02:12:06.423,16.064,-0.002,0.995,-0.054,-0.079,-0.149,1.142,-0.253
2016-11-17 02:12:06.434,16.085,-0.003,0.994,-0.052,-0.093,-0.150,1.142,-0.253
2016-11-17 02:12:06.445,16.085,-0.004,0.993,-0.050,-0.105,-0.151,1.142,-0.253
2016-11-17 02:12:06.456,16.107,-0.005,0.992,-0.048,-0.117,-0.152,1.143,-0.252
2016-11-17 02:12:06.467,16.107,-0.006,0.991,-0.046,-0.128,-0.153,1.143,-0.252
2016-11-17 02:12:06.478,16.128,-0.007,0.989,-0.045,-0.138,-0.154,1.143,-0.252
2016-11-17 02:12:06.490,16.128,-0.008,0.988,-0.044,-0.146,-0.155,1.143,-0.251
2016-11-17 02:12:06.501,16.149,-0.008,0.987,-0.043,-0.154,-0.156,1.143,-0.251
2016-11-17 02:12:06.512,16.149,-0.009,0.986,-0.043,-0.162,-0.156,1.144,-0.250
2016-11-17 02:12:06.523,16.171,-0.010,0.985,-0.041,-0.169,-0.157,1.144,-0.250
2016-11-17 02:12:06.534,16.171,-0.011,0.984,-0.040,-0.175,-0.157,1.144,-0.249
2016-11-17 02:12:06.545,16.192,-0.012,0.983,-0.040,-0.181,-0.158,1.144,-0.249
2016-11-17 02:12:06.557,16.213,-0.012,0.982,-0.039,-0.186,-0.158,1.144,-0.249
2016-11-17 02:12:06.568,16.213,-0.013,0.981,-0.039,-0.191,-0.158,1.144,-0.248
2016-11-17 02:12:06.579,16.235,-0.014,0.980,-0.038,-0.195,-0.159,1.144,-0.248
2016-11-17 02:12:06.591,16.235,-0.014,0.979,-0.038,-0.199,-0.159,1.145,-0.247
2016-11-17 02:12:06.601,16.256,-0.016,0.978,-0.037,-0.204,-0.159,1.145,-0.247
2016-11-17 02:12:06.613,16.256,-0.018,0.977,-0.036,-0.209,-0.160,1.145,-0.246
2016-11-17 02:12:06.624,16.256,-0.020,0.976,-0.035,-0.215,-0.160,1.145,-0.246
2016-11-17 02:12:06.635,16.277,-0.021,0.974,-0.034,-0.221,-0.161,1.145,-0.245
2016-11-17 02:12:06.646,16.299,-0.022,0.973,-0.033,-0.227,-0.161,1.145,-0.245
2016-11-17 02:12:06.658,16.299,-0.023,0.972,-0.032,-0.233,-0.162,1.145,-0.244
2016-11-17 02:12:06.668,16.320,-0.023,0.970,-0.032,-0.239,-0.162,1.145,-0.243
2016-11-17 02:12:06.680,16.320,-0.023,0.969,-0.031,-0.245,-0.162,1.146,-0.243
2016-11-17 02:12:06.691,16.341,-0.023,0.967,-0.031,-0.251,-0.163,1.146,-0.242
2016-11-17 02:12:06.702,16.341,-0.024,0.966,-0.031,-0.257,-0.163,1.146,-0.242
2016-11-17 02:12:06.713,16.363,-0.024,0.964,-0.030,-0.263,-0.164,1.146,-0.241
2016-11-17 02:12:06.724,16.384,-0.025,0.962,-0.030,-0.269,-0.164,1.146,-0.241
2016-11-17 02:12:06.736,16.384,-0.026,0.961,-0.029,-0.275,-0.165,1.146,-0.240
2016-11-17 02:12:06.746,16.405,-0.027,0.959,-0.029,-0.282,-0.165,1.146,-0.240
2016-11-17 02:12:06.757,16.405,-0.027,0.957,-0.028,-0.288,-0.166,1.146,-0.239
2016-11-17 02:12:06.769,16.405,-0.028,0.955,-0.027,-0.294,-0.166,1.146,-0.238
2016-11-17 02:12:06.780,16.427,-0.029,0.953,-0.026,-0.300,-0.167,1.146,-0.238
2016-11-17 02:12:06.792,16.427,-0.030,0.951,-0.025,-0.307,-0.168,1.146,-0.237
2016-11-17 02:12:06.802,16.448,-0.031,0.949,-0.024,-0.314,-0.168,1.146,-0.236
2016-11-17 02:12:06.814,16.448,-0.032,0.946,-0.023,-0.321,-0.169,1.146,-0.235
2016-11-17 02:12:06.825,16.469,-0.032,0.944,-0.022,-0.328,-0.170,1.146,-0.234
2016-11-17 02:12:06.836,16.491,-0.033,0.941,-0.022,-0.335,-0.171,1.146,-0.233
2016-11-17 02:12:06.847,16.491,-0.034,0.939,-0.021,-0.342,-0.172,1.146,-0.233
2016-11-17 02:12:06.858,16.512,-0.035,0.936,-0.020,-0.350,-0.173,1.146,-0.231
2016-11-17 02:12:06.869,16.512,-0.036,0.933,-0.019,-0.358,-0.174,1.146,-0.230
2016-11-17 02:12:06.881,16.533,-0.037,0.929,-0.018,-0.367,-0.175,1.145,-0.229
2016-11-17 02:12:06.892,16.533,-0.038,0.926,-0.017,-0.376,-0.176,1.146,-0.227
2016-11-17 02:12:06.903,16.555,-0.039,0.922,-0.016,-0.385,-0.177,1.146,-0.226
2016-11-17 02:12:06.915,16.576,-0.040,0.918,-0.016,-0.394,-0.178,1.146,-0.225
2016-11-17 02:12:06.925,16.576,-0.041,0.914,-0.015,-0.403,-0.179,1.146,-0.223
2016-11-17 02:12:06.936,16.576,-0.042,0.910,-0.015,-0.412,-0.180,1.146,-0.221
2016-11-17 02:12:06.947,16.597,-0.043,0.906,-0.014,-0.421,-0.181,1.146,-0.220
2016-11-17 02:12:06.959,16.597,-0.044,0.902,-0.014,-0.429,-0.182,1.146,-0.218
2016-11-17 02:12:06.970,16.619,-0.046,0.898,-0.013,-0.438,-0.183,1.147,-0.217
2016-11-17 02:12:06.982,16.619,-0.048,0.894,-0.013,-0.445,-0.183,1.147,-0.216
2016-11-17 02:12:06.992,16.640,-0.049,0.890,-0.012,-0.453,-0.184,1.148,-0.214
2016-11-17 02:12:07.004,16.640,-0.051,0.886,-0.011,-0.460,-0.185,1.148,-0.213
2016-11-17 02:12:07.015,16.661,-0.053,0.883,-0.009,-0.467,-0.186,1.149,-0.211
2016-11-17 02:12:07.026,16.683,-0.055,0.879,-0.008,-0.473,-0.187,1.150,-0.210
2016-11-17 02:12:07.037,16.683,-0.057,0.876,-0.006,-0.480,-0.187,1.150,-0.209
2016-11-17 02:12:07.048,16.704,-0.059,0.872,-0.005,-0.486,-0.188,1.151,-0.207
2016-11-17 02:12:07.059,16.704,-0.062,0.868,-0.003,-0.492,-0.189,1.151,-0.206
2016-11-17 02:12:07.070,16.725,-0.064,0.865,-0.002,-0.498,-0.189,1.152,-0.205
2016-11-17 02:12:07.082,16.725,0.066,-0.861,0.001,0.504,-0.190,1.152,-0.204
2016-11-17 02:12:07.093,16.747,0.067,-0.858,-0.001,0.510,-0.191,1.153,-0.202
2016-11-17 02:12:07.104,16.747,0.068,-0.854,-0.003,0.516,-0.191,1.153,-0.202
2016-11-17 02:12:07.115,16.768,0.069,-0.850,-0.004,0.523,-0.192,1.153,-0.201
2016-11-17 02:12:07.126,16.768,0.070,-0.845,-0.006,0.529,-0.192,1.154,-0.200
2016-11-17 02:12:07.137,16.789,0.071,-0.841,-0.007,0.536,-0.193,1.154,-0.199
2016-11-17 02:12:07.149,16.789,0.071,-0.837,-0.009,0.543,-0.193,1.154,-0.198
2016-11-17 02:12:07.159,16.811,0.071,-0.832,-0.010,0.550,-0.194,1.154,-0.197
2016-11-17 02:12:07.171,16.811,0.071,-0.827,-0.010,0.557,-0.194,1.154,-0.196
2016-11-17 02:12:07.182,16.832,0.071,-0.823,-0.010,0.564,-0.195,1.154,-0.195
2016-11-17 02:12:07.194,16.832,0.071,-0.818,-0.011,0.571,-0.195,1.153,-0.195
2016-11-17 02:12:07.205,16.853,0.071,-0.813,-0.011,0.577,-0.195,1.153,-0.194
2016-11-17 02:12:07.216,16.875,0.071,-0.809,-0.011,0.583,-0.195,1.153,-0.193
2016-11-17 02:12:07.227,16.875,0.071,-0.805,-0.011,0.589,-0.195,1.152,-0.193
2016-11-17 02:12:07.238,16.896,0.071,-0.801,-0.010,0.595,-0.195,1.152,-0.192
2016-11-17 02:12:07.250,16.896,0.070,-0.797,-0.009,0.600,-0.195,1.152,-0.192
2016-11-17 02:12:07.260,16.896,0.070,-0.793,-0.009,0.605,-0.195,1.151,-0.191
2016-11-17 02:12:07.272,16.917,0.069,-0.790,-0.008,0.609,-0.195,1.151,-0.191
2016-11-17 02:12:07.283,16.917,0.068,-0.788,-0.007,0.612,-0.195,1.151,-0.191
2016-11-17 02:12:07.294,16.939,0.067,-0.785,-0.006,0.616,-0.195,1.151,-0.190
2016-11-17 02:12:07.305,16.960,0.067,-0.783,-0.005,0.619,-0.194,1.150,-0.190
2016-11-17 02:12:07.317,16.960,0.066,-0.781,-0.005,0.621,-0.194,1.150,-0.190
2016-11-17 02:12:07.327,16.981,0.065,-0.779,-0.004,0.624,-0.194,1.150,-0.190
2016-11-17 02:12:07.338,16.981,0.064,-0.777,-0.004,0.626,-0.193,1.150,-0.190
2016-11-17 02:12:07.349,17.003,0.064,-0.775,-0.004,0.628,-0.193,1.151,-0.190
2016-11-17 02:12:07.362,17.003,0.063,-0.773,-0.005,0.631,-0.192,1.151,-0.189
2016-11-17 02:12:07.372,17.024,0.062,-0.771,-0.005,0.633,-0.192,1.151,-0.189
2016-11-17 02:12:07.384,17.024,0.061,-0.769,-0.006,0.636,-0.192,1.151,-0.189
2016-11-17 02:12:07.394,17.045,0.060,-0.767,-0.007,0.639,-0.191,1.152,-0.189
2016-11-17 02:12:07.406,17.067,0.059,-0.765,-0.008,0.641,-0.191,1.152,-0.189
2016-11-17 02:12:07.417,17.067,0.057,-0.762,-0.009,0.645,-0.190,1.152,-0.188
2016-11-17 02:12:07.428,17.067,0.056,-0.760,-0.010,0.648,-0.190,1.152,-0.188
2016-11-17 02:12:07.439,17.088,0.055,-0.757,-0.011,0.651,-0.189,1.152,-0.188
2016-11-17 02:12:07.451,17.088,0.054,-0.754,-0.012,0.655,-0.189,1.153,-0.187
2016-11-17 02:12:07.461,17.109,0.052,-0.750,-0.013,0.659,-0.189,1.153,-0.187
2016-11-17 02:12:07.472,17.109,0.051,-0.747,-0.014,0.663,-0.188,1.153,-0.186
2016-11-17 02:12:07.484,17.131,0.049,-0.744,-0.015,0.667,-0.188,1.153,-0.186
2016-11-17 02:12:07.495,17.152,0.048,-0.740,-0.016,0.670,-0.187,1.153,-0.186
2016-11-17 02:12:07.506,17.152,0.046,-0.737,-0.016,0.674,-0.186,1.153,-0.185
2016-11-17 02:12:07.517,17.173,0.045,-0.734,-0.017,0.678,-0.186,1.153,-0.185
2016-11-17 02:12:07.528,17.173,0.044,-0.731,-0.017,0.681,-0.185,1.153,-0.185
2016-11-17 02:12:07.540,17.195,0.042,-0.727,-0.018,0.685,-0.185,1.153,-0.184
2016-11-17 02:12:07.551,17.195,0.041,-0.724,-0.018,0.688,-0.184,1.153,-0.184
2016-11-17 02:12:07.562,17.216,0.040,-0.721,-0.018,0.691,-0.184,1.153,-0.184
2016-11-17 02:12:07.573,17.216,0.039,-0.718,-0.019,0.695,-0.183,1.153,-0.184
2016-11-17 02:12:07.584,17.216,0.038,-0.715,-0.019,0.698,-0.183,1.153,-0.184
2016-11-17 02:12:07.595,17.237,0.037,-0.712,-0.019,0.701,-0.182,1.153,-0.184
2016-11-17 02:12:07.607,17.259,0.036,-0.709,-0.020,0.704,-0.182,1.153,-0.183
2016-11-17 02:12:07.618,17.259,0.035,-0.707,-0.020,0.707,-0.181,1.153,-0.183
2016-11-17 02:12:07.629,17.280,0.034,-0.704,-0.020,0.709,-0.181,1.153,-0.183
2016-11-17 02:12:07.640,17.280,0.033,-0.702,-0.020,0.712,-0.180,1.153,-0.183
2016-11-17 02:12:07.651,17.301,0.032,-0.700,-0.020,0.714,-0.180,1.153,-0.183
2016-11-17 02:12:07.663,17.301,0.031,-0.698,-0.020,0.716,-0.179,1.153,-0.183
2016-11-17 02:12:07.673,17.323,0.030,-0.696,-0.020,0.717,-0.178,1.153,-0.184
2016-11-17 02:12:07.685,17.344,0.029,-0.694,-0.020,0.719,-0.178,1.153,-0.184
2016-11-17 02:12:07.696,17.344,0.027,-0.693,-0.020,0.720,-0.177,1.153,-0.184
2016-11-17 02:12:07.707,17.365,0.026,-0.692,-0.021,0.722,-0.176,1.153,-0.184
2016-11-17 02:12:07.718,17.365,0.025,-0.690,-0.021,0.723,-0.176,1.154,-0.184
2016-11-17 02:12:07.730,17.387,0.023,-0.690,-0.021,0.723,-0.175,1.154,-0.185
2016-11-17 02:12:07.741,17.387,0.022,-0.689,-0.021,0.724,-0.174,1.154,-0.185
2016-11-17 02:12:07.752,17.387,0.020,-0.688,-0.022,0.725,-0.174,1.154,-0.185
2016-11-17 02:12:07.763,17.408,0.019,-0.687,-0.022,0.726,-0.173,1.154,-0.186
2016-11-17 02:12:07.774,17.408,0.017,-0.687,-0.023,0.727,-0.172,1.154,-0.186
2016-11-17 02:12:07.785,17.429,0.016,-0.686,-0.024,0.727,-0.172,1.155,-0.186
2016-11-17 02:12:07.797,17.451,0.014,-0.685,-0.024,0.728,-0.171,1.155,-0.187
2016-11-17 02:12:07.808,17.451,0.013,-0.684,-0.025,0.729,-0.170,1.155,-0.187
2016-11-17 02:12:07.819,17.472,0.011,-0.683,-0.026,0.730,-0.169,1.155,-0.187
2016-11-17 02:12:07.830,17.472,0.009,-0.682,-0.027,0.731,-0.169,1.155,-0.188
2016-11-17 02:12:07.841,17.493,0.008,-0.681,-0.027,0.731,-0.168,1.155,-0.188
2016-11-17 02:12:07.853,17.493,0.006,-0.680,-0.028,0.732,-0.167,1.156,-0.188
2016-11-17 02:12:07.863,17.515,0.004,-0.680,-0.029,0.733,-0.166,1.156,-0.189
2016-11-17 02:12:07.874,17.536,0.002,-0.679,-0.030,0.734,-0.165,1.156,-0.189
2016-11-17 02:12:07.886,17.536,0.000,-0.678,-0.031,0.734,-0.165,1.156,-0.190
2016-11-17 02:12:07.897,17.557,-0.003,-0.677,-0.031,0.735,-0.164,1.156,-0.190
2016-11-17 02:12:07.909,17.557,-0.005,-0.677,-0.032,0.735,-0.163,1.156,-0.191
2016-11-17 02:12:07.920,17.557,-0.007,-0.677,-0.033,0.735,-0.162,1.157,-0.191
2016-11-17 02:12:07.931,17.579,-0.010,-0.676,-0.035,0.736,-0.162,1.157,-0.191
2016-11-17 02:12:07.942,17.579,-0.012,-0.676,-0.036,0.736,-0.161,1.157,-0.192
2016-11-17 02:12:07.953,17.600,-0.015,-0.676,-0.037,0.736,-0.160,1.158,-0.192
2016-11-17 02:12:07.965,17.621,-0.017,-0.676,-0.038,0.735,-0.159,1.158,-0.193
2016-11-17 02:12:07.976,17.621,-0.019,-0.676,-0.040,0.735,-0.159,1.158,-0.194
2016-11-17 02:12:07.986,17.643,-0.022,-0.676,-0.041,0.735,-0.158,1.159,-0.194
2016-11-17 02:12:07.998,17.643,-0.024,-0.676,-0.043,0.735,-0.157,1.159,-0.194
2016-11-17 02:12:08.009,17.664,-0.026,-0.676,-0.045,0.735,-0.157,1.159,-0.195
2016-11-17 02:12:08.020,17.664,-0.029,-0.676,-0.047,0.735,-0.156,1.160,-0.195
2016-11-17 02:12:08.031,17.685,-0.031,-0.676,-0.048,0.735,-0.155,1.160,-0.195
2016-11-17 02:12:08.042,17.685,-0.033,-0.676,-0.049,0.735,-0.155,1.160,-0.196
2016-11-17 02:12:08.053,17.707,-0.035,-0.675,-0.051,0.735,-0.154,1.160,-0.196
2016-11-17 02:12:08.064,17.707,-0.037,-0.675,-0.052,0.735,-0.153,1.161,-0.197
2016-11-17 02:12:08.075,17.728,-0.039,-0.675,-0.053,0.735,-0.153,1.161,-0.197
2016-11-17 02:12:08.087,17.728,-0.041,-0.675,-0.055,0.735,-0.152,1.161,-0.197
2016-11-17 02:12:08.098,17.749,-0.042,-0.674,-0.056,0.735,-0.152,1.161,-0.198
2016-11-17 02:12:08.109,17.749,-0.044,-0.674,-0.056,0.735,-0.151,1.161,-0.198
2016-11-17 02:12:08.121,17.771,-0.045,-0.674,-0.057,0.735,-0.150,1.161,-0.198
2016-11-17 02:12:08.132,17.771,-0.047,-0.674,-0.058,0.735,-0.150,1.161,-0.199
2016-11-17 02:12:08.143,17.792,-0.048,-0.675,-0.058,0.734,-0.149,1.161,-0.199
2016-11-17 02:12:08.154,17.792,-0.049,-0.675,-0.059,0.734,-0.148,1.162,-0.199
2016-11-17 02:12:08.165,17.813,-0.051,-0.675,-0.059,0.734,-0.148,1.162,-0.200
2016-11-17 02:12:08.176,17.835,-0.052,-0.675,-0.059,0.733,-0.147,1.162,-0.200
2016-11-17 02:12:08.188,17.835,-0.053,-0.676,-0.060,0.733,-0.147,1.162,-0.201
2016-11-17 02:12:08.198,17.856,-0.054,-0.676,-0.060,0.732,-0.147,1.162,-0.201
2016-11-17 02:12:08.210,17.856,-0.055,-0.677,-0.060,0.732,-0.146,1.162,-0.201
2016-11-17 02:12:08.221,17.877,-0.056,-0.677,-0.060,0.731,-0.146,1.162,-0.202
2016-11-17 02:12:08.232,17.877,-0.056,-0.678,-0.060,0.731,-0.146,1.162,-0.202
2016-11-17 02:12:08.243,17.877,-0.057,-0.678,-0.060,0.730,-0.145,1.162,-0.203
2016-11-17 02:12:08.255,17.899,-0.057,-0.679,-0.061,0.729,-0.145,1.162,-0.203
2016-11-17 02:12:08.266,17.920,-0.058,-0.680,-0.061,0.729,-0.145,1.162,-0.203
2016-11-17 02:12:08.277,17.920,-0.059,-0.680,-0.060,0.728,-0.145,1.162,-0.204
2016-11-17 02:12:08.288,17.941,-0.059,-0.681,-0.060,0.727,-0.144,1.162,-0.204
2016-11-17 02:12:08.299,17.941,-0.060,-0.682,-0.060,0.726,-0.144,1.162,-0.204
2016-11-17 02:12:08.310,17.963,-0.060,-0.683,-0.060,0.725,-0.144,1.162,-0.205
2016-11-17 02:12:08.322,17.963,-0.061,-0.685,-0.060,0.724,-0.144,1.162,-0.205
2016-11-17 02:12:08.333,17.984,-0.062,-0.686,-0.059,0.722,-0.144,1.162,-0.206
2016-11-17 02:12:08.344,17.984,-0.063,-0.688,-0.059,0.720,-0.144,1.162,-0.206
2016-11-17 02:12:08.355,18.005,-0.065,-0.690,-0.059,0.718,-0.144,1.162,-0.207
2016-11-17 02:12:08.366,18.027,-0.066,-0.693,-0.058,0.716,-0.143,1.162,-0.208
2016-11-17 02:12:08.378,18.027,-0.068,-0.695,-0.057,0.713,-0.143,1.162,-0.209
2016-11-17 02:12:08.389,18.027,-0.070,-0.698,-0.056,0.710,-0.143,1.162,-0.209
2016-11-17 02:12:08.400,18.027,-0.072,-0.701,-0.055,0.707,-0.143,1.162,-0.210
2016-11-17 02:12:08.411,18.027,-0.074,-0.704,-0.054,0.705,-0.143,1.162,-0.211
2016-11-17 02:12:08.422,18.048,-0.076,-0.706,-0.053,0.702,-0.143,1.162,-0.212
2016-11-17 02:12:08.433,18.048,-0.077,-0.708,-0.053,0.700,-0.143,1.162,-0.213
2016-11-17 02:12:08.444,18.069,-0.078,-0.710,-0.053,0.698,-0.143,1.162,-0.214
2016-11-17 02:12:08.456,18.091,-0.079,-0.711,-0.053,0.696,-0.142,1.162,-0.214
2016-11-17 02:12:08.467,18.091,-0.080,-0.713,-0.052,0.695,-0.142,1.162,-0.215
2016-11-17 02:12:08.478,18.112,-0.081,-0.714,-0.051,0.693,-0.142,1.162,-0.216
2016-11-17 02:12:08.489,18.112,-0.082,-0.716,-0.050,0.692,-0.142,1.162,-0.216
2016-11-17 02:12:08.500,18.133,-0.083,-0.717,-0.050,0.691,-0.142,1.162,-0.217
2016-11-17 02:12:08.512,18.133,-0.084,-0.718,-0.050,0.690,-0.142,1.162,-0.217
2016-11-17 02:12:08.523,18.155,-0.085,-0.718,-0.049,0.689,-0.142,1.162,-0.218
2016-11-17 02:12:08.534,18.155,-0.086,-0.719,-0.049,0.688,-0.142,1.162,-0.219
2016-11-17 02:12:08.545,18.176,-0.087,-0.720,-0.048,0.687,-0.142,1.162,-0.219
2016-11-17 02:12:08.556,18.176,-0.088,-0.720,-0.048,0.686,-0.142,1.161,-0.220
2016-11-17 02:12:08.567,18.197,-0.089,-0.721,-0.047,0.686,-0.142,1.161,-0.220
2016-11-17 02:12:08.579,18.197,-0.090,-0.721,-0.047,0.685,-0.142,1.161,-0.221
2016-11-17 02:12:08.589,18.219,-0.091,-0.722,-0.046,0.684,-0.142,1.161,-0.221
2016-11-17 02:12:08.601,18.219,-0.092,-0.722,-0.046,0.684,-0.142,1.161,-0.222
2016-11-17 02:12:08.612,18.240,-0.093,-0.723,-0.046,0.683,-0.142,1.161,-0.222
2016-11-17 02:12:08.623,18.240,-0.094,-0.724,-0.046,0.682,-0.142,1.162,-0.222
2016-11-17 02:12:08.634,18.261,-0.096,-0.725,-0.047,0.681,-0.142,1.162,-0.223
2016-11-17 02:12:08.646,18.283,-0.097,-0.725,-0.047,0.680,-0.142,1.162,-0.223
2016-11-17 02:12:08.656,18.283,-0.098,-0.725,-0.048,0.680,-0.142,1.162,-0.224
2016-11-17 02:12:08.668,18.304,-0.100,-0.726,-0.049,0.679,-0.142,1.162,-0.224
2016-11-17 02:12:08.680,18.304,-0.101,-0.726,-0.050,0.679,-0.142,1.162,-0.224
2016-11-17 02:12:08.691,18.325,-0.102,-0.726,-0.051,0.678,-0.142,1.162,-0.224
2016-11-17 02:12:08.702,18.325,-0.102,-0.726,-0.051,0.678,-0.142,1.162,-0.224
2016-11-17 02:12:08.713,18.347,-0.103,-0.726,-0.052,0.678,-0.142,1.162,-0.225
2016-11-17 02:12:08.724,18.347,-0.104,-0.726,-0.053,0.678,-0.142,1.163,-0.225
2016-11-17 02:12:08.735,18.368,-0.105,-0.726,-0.054,0.678,-0.143,1.163,-0.225
2016-11-17 02:12:08.746,18.368,-0.105,-0.726,-0.055,0.678,-0.143,1.163,-0.225
2016-11-17 02:12:08.757,18.389,-0.105,-0.725,-0.056,0.678,-0.142,1.163,-0.225
2016-11-17 02:12:08.768,18.389,-0.106,-0.725,-0.056,0.679,-0.143,1.163,-0.225
2016-11-17 02:12:08.779,18.411,-0.106,-0.724,-0.057,0.679,-0.143,1.163,-0.225
2016-11-17 02:12:08.791,18.411,-0.107,-0.723,-0.058,0.680,-0.143,1.163,-0.225
2016-11-17 02:12:08.802,18.432,-0.107,-0.723,-0.058,0.680,-0.143,1.163,-0.225
2016-11-17 02:12:08.813,18.432,-0.107,-0.722,-0.059,0.681,-0.143,1.163,-0.225
2016-11-17 02:12:08.824,18.453,-0.108,-0.721,-0.059,0.682,-0.143,1.163,-0.225
2016-11-17 02:12:08.835,18.475,-0.108,-0.720,-0.060,0.683,-0.143,1.163,-0.224
2016-11-17 02:12:08.846,18.475,-0.108,-0.718,-0.060,0.685,-0.143,1.163,-0.224
2016-11-17 02:12:08.858,18.496,-0.108,-0.717,-0.061,0.686,-0.143,1.163,-0.224
2016-11-17 02:12:08.869,18.496,-0.108,-0.716,-0.061,0.687,-0.143,1.163,-0.224
2016-11-17 02:12:08.880,18.496,-0.108,-0.714,-0.062,0.689,-0.143,1.163,-0.223
2016-11-17 02:12:08.891,18.517,-0.108,-0.712,-0.063,0.691,-0.143,1.163,-0.223
2016-11-17 02:12:08.902,18.517,-0.107,-0.711,-0.064,0.692,-0.143,1.163,-0.222
2016-11-17 02:12:08.914,18.539,-0.106,-0.709,-0.065,0.694,-0.143,1.163,-0.222
2016-11-17 02:12:08.925,18.560,-0.105,-0.707,-0.066,0.696,-0.143,1.162,-0.221
2016-11-17 02:12:08.936,18.560,-0.103,-0.706,-0.066,0.698,-0.143,1.162,-0.221
2016-11-17 02:12:08.947,18.581,-0.103,-0.704,-0.067,0.699,-0.143,1.162,-0.220
2016-11-17 02:12:08.958,18.581,-0.102,-0.703,-0.068,0.701,-0.143,1.162,-0.220
2016-11-17 02:12:08.969,18.603,-0.101,-0.701,-0.068,0.703,-0.143,1.162,-0.219
2016-11-17 02:12:08.981,18.603,-0.100,-0.699,-0.069,0.704,-0.143,1.161,-0.219
2016-11-17 02:12:08.991,18.624,-0.099,-0.698,-0.069,0.706,-0.143,1.161,-0.218
2016-11-17 02:12:09.003,18.624,-0.099,-0.697,-0.069,0.707,-0.143,1.161,-0.218
2016-11-17 02:12:09.014,18.645,-0.098,-0.696,-0.069,0.708,-0.143,1.161,-0.218
2016-11-17 02:12:09.025,18.667,-0.098,-0.695,-0.070,0.709,-0.143,1.161,-0.217
2016-11-17 02:12:09.036,18.667,-0.097,-0.694,-0.070,0.710,-0.143,1.161,-0.217
2016-11-17 02:12:09.048,18.667,-0.096,-0.694,-0.070,0.710,-0.143,1.161,-0.217
2016-11-17 02:12:09.059,18.688,-0.095,-0.694,-0.070,0.711,-0.143,1.161,-0.216
2016-11-17 02:12:09.070,18.688,-0.095,-0.694,-0.070,0.711,-0.143,1.161,-0.216
2016-11-17 02:12:09.081,18.709,-0.094,-0.694,-0.070,0.711,-0.143,1.161,-0.216
2016-11-17 02:12:09.092,18.709,-0.094,-0.694,-0.070,0.710,-0.143,1.160,-0.216
2016-11-17 02:12:09.103,18.731,-0.093,-0.695,-0.070,0.710,-0.143,1.160,-0.216
2016-11-17 02:12:09.115,18.752,-0.093,-0.696,-0.070,0.709,-0.143,1.160,-0.215
2016-11-17 02:12:09.126,18.752,-0.093,-0.696,-0.070,0.708,-0.143,1.160,-0.215
2016-11-17 02:12:09.137,18.773,-0.093,-0.697,-0.070,0.707,-0.143,1.160,-0.216
2016-11-17 02:12:09.149,18.773,-0.093,-0.698,-0.070,0.706,-0.143,1.160,-0.215
2016-11-17 02:12:09.159,18.795,-0.094,-0.699,-0.070,0.705,-0.143,1.160,-0.216
2016-11-17 02:12:09.171,18.795,-0.094,-0.700,-0.070,0.704,-0.143,1.160,-0.216
2016-11-17 02:12:09.181,18.816,-0.094,-0.701,-0.070,0.703,-0.143,1.160,-0.216
2016-11-17 02:12:09.192,18.816,-0.094,-0.702,-0.070,0.703,-0.143,1.160,-0.215
2016-11-17 02:12:09.204,18.816,-0.094,-0.702,-0.070,0.702,-0.143,1.160,-0.216
2016-11-17 02:12:09.215,18.837,-0.093,-0.703,-0.070,0.702,-0.143,1.160,-0.215
2016-11-17 02:12:09.227,18.859,-0.093,-0.703,-0.070,0.702,-0.143,1.160,-0.215
2016-11-17 02:12:09.238,18.859,-0.093,-0.703,-0.070,0.701,-0.144,1.160,-0.215
2016-11-17 02:12:09.249,18.880,-0.093,-0.703,-0.070,0.701,-0.144,1.160,-0.215
2016-11-17 02:12:09.260,18.880,-0.093,-0.703,-0.070,0.701,-0.144,1.160,-0.215
2016-11-17 02:12:09.271,18.901,-0.093,-0.703,-0.070,0.701,-0.144,1.160,-0.215
2016-11-17 02:12:09.282,18.901,-0.093,-0.703,-0.071,0.702,-0.144,1.160,-0.215
2016-11-17 02:12:09.293,18.923,-0.093,-0.703,-0.071,0.702,-0.144,1.160,-0.215
2016-11-17 02:12:09.305,18.944,-0.093,-0.702,-0.070,0.702,-0.145,1.160,-0.215
2016-11-17 02:12:09.316,18.944,-0.093,-0.702,-0.070,0.702,-0.145,1.160,-0.214
2016-11-17 02:12:09.327,18.965,-0.093,-0.702,-0.070,0.703,-0.145,1.160,-0.214
2016-11-17 02:12:09.338,18.965,-0.093,-0.702,-0.069,0.703,-0.145,1.160,-0.215
2016-11-17 02:12:09.349,18.987,-0.093,-0.702,-0.069,0.703,-0.146,1.160,-0.215
2016-11-17 02:12:09.361,18.987,-0.093,-0.702,-0.069,0.703,-0.146,1.160,-0.215
2016-11-17 02:12:09.371,18.987,-0.093,-0.702,-0.069,0.703,-0.146,1.160,-0.215
2016-11-17 02:12:09.382,19.008,-0.092,-0.702,-0.069,0.702,-0.146,1.160,-0.215
2016-11-17 02:12:09.394,19.008,-0.092,-0.703,-0.068,0.702,-0.147,1.160,-0.215
2016-11-17 02:12:09.405,19.029,-0.092,-0.703,-0.068,0.702,-0.147,1.160,-0.215
2016-11-17 02:12:09.416,19.051,-0.092,-0.703,-0.067,0.702,-0.147,1.160,-0.215
2016-11-17 02:12:09.428,19.051,-0.092,-0.704,-0.067,0.701,-0.148,1.160,-0.215
2016-11-17 02:12:09.439,19.072,-0.091,-0.704,-0.067,0.701,-0.148,1.160,-0.215
2016-11-17 02:12:09.450,19.072,-0.091,-0.705,-0.067,0.701,-0.148,1.160,-0.215
2016-11-17 02:12:09.461,19.093,-0.091,-0.705,-0.066,0.700,-0.149,1.160,-0.215
2016-11-17 02:12:09.472,19.093,-0.091,-0.706,-0.066,0.700,-0.149,1.160,-0.216
2016-11-17 02:12:09.483,19.115,-0.091,-0.706,-0.066,0.699,-0.149,1.160,-0.216
2016-11-17 02:12:09.494,19.136,-0.091,-0.707,-0.065,0.699,-0.149,1.160,-0.216
2016-11-17 02:12:09.506,19.136,-0.091,-0.707,-0.065,0.698,-0.149,1.160,-0.216
2016-11-17 02:12:09.517,19.157,-0.091,-0.708,-0.064,0.697,-0.149,1.160,-0.216
2016-11-17 02:12:09.528,19.157,-0.092,-0.709,-0.064,0.697,-0.150,1.160,-0.217
2016-11-17 02:12:09.539,19.157,-0.092,-0.709,-0.063,0.696,-0.150,1.160,-0.217
2016-11-17 02:12:09.550,19.179,-0.092,-0.710,-0.062,0.696,-0.150,1.160,-0.217
2016-11-17 02:12:09.561,19.179,-0.093,-0.710,-0.062,0.695,-0.151,1.160,-0.217
2016-11-17 02:12:09.572,19.200,-0.093,-0.711,-0.061,0.695,-0.151,1.159,-0.217
2016-11-17 02:12:09.584,19.200,-0.093,-0.711,-0.061,0.694,-0.151,1.159,-0.218
2016-11-17 02:12:09.595,19.221,-0.093,-0.711,-0.060,0.694,-0.151,1.159,-0.218
2016-11-17 02:12:09.606,19.243,-0.093,-0.711,-0.060,0.694,-0.151,1.159,-0.218
2016-11-17 02:12:09.617,19.243,-0.093,-0.712,-0.059,0.694,-0.151,1.159,-0.218
2016-11-17 02:12:09.628,19.264,-0.093,-0.712,-0.058,0.694,-0.152,1.159,-0.218
2016-11-17 02:12:09.640,19.264,-0.093,-0.712,-0.058,0.694,-0.152,1.159,-0.219
2016-11-17 02:12:09.651,19.285,-0.093,-0.712,-0.058,0.694,-0.152,1.159,-0.219
2016-11-17 02:12:09.662,19.285,-0.094,-0.712,-0.057,0.694,-0.152,1.158,-0.219
2016-11-17 02:12:09.673,19.307,-0.094,-0.712,-0.057,0.694,-0.152,1.158,-0.219
2016-11-17 02:12:09.685,19.307,-0.094,-0.712,-0.056,0.694,-0.152,1.158,-0.219
2016-11-17 02:12:09.695,19.328,-0.094,-0.711,-0.056,0.694,-0.152,1.158,-0.219
2016-11-17 02:12:09.707,19.328,-0.094,-0.712,-0.056,0.694,-0.152,1.158,-0.220
2016-11-17 02:12:09.718,19.349,-0.094,-0.712,-0.055,0.694,-0.152,1.158,-0.220
2016-11-17 02:12:09.729,19.349,-0.094,-0.712,-0.055,0.694,-0.152,1.158,-0.220
2016-11-17 02:12:09.740,19.371,-0.094,-0.712,-0.054,0.694,-0.152,1.158,-0.220
2016-11-17 02:12:09.751,19.371,-0.095,-0.712,-0.054,0.694,-0.152,1.158,-0.220
2016-11-17 02:12:09.762,19.392,-0.095,-0.712,-0.054,0.694,-0.152,1.158,-0.221
2016-11-17 02:12:09.774,19.392,-0.095,-0.712,-0.053,0.693,-0.152,1.158,-0.221
2016-11-17 02:12:09.784,19.413,-0.095,-0.712,-0.053,0.693,-0.152,1.158,-0.221
2016-11-17 02:12:09.796,19.435,-0.095,-0.713,-0.053,0.693,-0.152,1.158,-0.221
2016-11-17 02:12:09.808,19.435,-0.095,-0.713,-0.053,0.693,-0.152,1.158,-0.221
2016-11-17 02:12:09.818,19.456,-0.095,-0.713,-0.053,0.693,-0.152,1.157,-0.221
2016-11-17 02:12:09.830,19.456,-0.095,-0.713,-0.053,0.692,-0.152,1.157,-0.221
2016-11-17 02:12:09.841,19.477,-0.095,-0.713,-0.053,0.692,-0.152,1.158,-0.222
2016-11-17 02:12:09.852,19.477,-0.096,-0.714,-0.052,0.692,-0.152,1.158,-0.222
2016-11-17 02:12:09.863,19.477,-0.096,-0.714,-0.052,0.692,-0.151,1.158,-0.222
2016-11-17 02:12:09.874,19.499,-0.096,-0.714,-0.052,0.692,-0.151,1.158,-0.222
2016-11-17 02:12:09.886,19.520,-0.096,-0.714,-0.052,0.691,-0.151,1.158,-0.222
2016-11-17 02:12:09.897,19.520,-0.096,-0.714,-0.053,0.691,-0.151,1.158,-0.223
2016-11-17 02:12:09.908,19.541,-0.096,-0.714,-0.053,0.691,-0.151,1.158,-0.223
2016-11-17 02:12:09.919,19.541,-0.097,-0.715,-0.053,0.691,-0.151,1.158,-0.223
2016-11-17 02:12:09.930,19.563,-0.097,-0.714,-0.053,0.691,-0.151,1.158,-0.223
2016-11-17 02:12:09.941,19.563,-0.097,-0.715,-0.053,0.691,-0.151,1.158,-0.223
2016-11-17 02:12:09.952,19.584,-0.097,-0.715,-0.053,0.691,-0.151,1.158,-0.223
2016-11-17 02:12:09.963,19.584,-0.097,-0.714,-0.054,0.691,-0.150,1.158,-0.223
2016-11-17 02:12:09.974,19.605,-0.097,-0.714,-0.054,0.691,-0.150,1.158,-0.223
2016-11-17 02:12:09.986,19.627,-0.097,-0.714,-0.054,0.691,-0.150,1.158,-0.223
2016-11-17 02:12:09.998,19.627,-0.097,-0.714,-0.055,0.691,-0.150,1.158,-0.223
2016-11-17 02:12:10.008,19.627,-0.096,-0.714,-0.055,0.691,-0.150,1.158,-0.223
2016-11-17 02:12:10.019,19.648,-0.096,-0.714,-0.056,0.692,-0.150,1.158,-0.223
2016-11-17 02:12:10.031,19.648,-0.095,-0.713,-0.058,0.692,-0.150,1.158,-0.222
2016-11-17 02:12:10.042,19.669,-0.094,-0.713,-0.059,0.692,-0.149,1.158,-0.222
2016-11-17 02:12:10.053,19.669,-0.093,-0.713,-0.060,0.693,-0.149,1.158,-0.222
2016-11-17 02:12:10.064,19.691,-0.093,-0.712,-0.060,0.693,-0.149,1.158,-0.222
2016-11-17 02:12:10.076,19.712,-0.092,-0.712,-0.061,0.693,-0.149,1.158,-0.222
2016-11-17 02:12:10.086,19.712,-0.091,-0.712,-0.062,0.694,-0.148,1.158,-0.222
2016-11-17 02:12:10.098,19.733,-0.089,-0.711,-0.063,0.694,-0.148,1.158,-0.221
2016-11-17 02:12:10.109,19.733,-0.088,-0.711,-0.065,0.695,-0.148,1.158,-0.221
2016-11-17 02:12:10.120,19.755,-0.087,-0.711,-0.066,0.695,-0.148,1.158,-0.221
2016-11-17 02:12:10.131,19.755,-0.087,-0.710,-0.067,0.695,-0.148,1.158,-0.221
2016-11-17 02:12:10.142,19.776,-0.086,-0.710,-0.068,0.696,-0.148,1.158,-0.220
2016-11-17 02:12:10.153,19.776,-0.086,-0.710,-0.068,0.696,-0.147,1.158,-0.220
2016-11-17 02:12:10.164,19.797,-0.085,-0.710,-0.069,0.696,-0.147,1.158,-0.220
2016-11-17 02:12:10.176,19.797,-0.085,-0.709,-0.069,0.696,-0.147,1.158,-0.219
2016-11-17 02:12:10.187,19.819,-0.085,-0.709,-0.070,0.697,-0.147,1.158,-0.219
2016-11-17 02:12:10.198,19.819,-0.085,-0.709,-0.071,0.697,-0.147,1.158,-0.219
2016-11-17 02:12:10.209,19.840,-0.084,-0.708,-0.071,0.697,-0.146,1.158,-0.219
2016-11-17 02:12:10.221,19.840,-0.084,-0.708,-0.072,0.697,-0.146,1.158,-0.218
2016-11-17 02:12:10.232,19.861,-0.084,-0.708,-0.073,0.698,-0.146,1.159,-0.218
2016-11-17 02:12:10.243,19.861,-0.084,-0.708,-0.073,0.698,-0.146,1.159,-0.218
2016-11-17 02:12:10.254,19.883,-0.084,-0.707,-0.074,0.698,-0.146,1.159,-0.218
2016-11-17 02:12:10.265,19.904,-0.083,-0.707,-0.074,0.698,-0.145,1.159,-0.218
2016-11-17 02:12:10.276,19.904,-0.083,-0.707,-0.075,0.698,-0.145,1.159,-0.217
2016-11-17 02:12:10.287,19.925,-0.083,-0.707,-0.076,0.699,-0.145,1.159,-0.217
2016-11-17 02:12:10.299,19.925,-0.083,-0.707,-0.076,0.699,-0.145,1.159,-0.217
2016-11-17 02:12:10.310,19.947,-0.082,-0.706,-0.077,0.699,-0.145,1.159,-0.216
2016-11-17 02:12:10.321,19.947,-0.082,-0.706,-0.077,0.699,-0.145,1.159,-0.216
2016-11-17 02:12:10.332,19.968,-0.082,-0.706,-0.077,0.699,-0.145,1.159,-0.216
2016-11-17 02:12:10.343,19.968,-0.082,-0.706,-0.077,0.699,-0.145,1.159,-0.216
2016-11-17 02:12:10.354,19.989,-0.082,-0.706,-0.078,0.699,-0.144,1.159,-0.216
2016-11-17 02:12:10.366,19.989,-0.082,-0.706,-0.078,0.699,-0.144,1.159,-0.215
2016-11-17 02:12:10.377,20.011,-0.082,-0.707,-0.078,0.698,-0.144,1.159,-0.215
2016-11-17 02:12:10.388,20.011,-0.082,-0.707,-0.078,0.698,-0.144,1.159,-0.215
2016-11-17 02:12:10.399,20.032,-0.081,-0.707,-0.078,0.698,-0.144,1.159,-0.215
2016-11-17 02:12:10.411,20.032,-0.081,-0.708,-0.078,0.697,-0.144,1.159,-0.215
2016-11-17 02:12:10.421,20.053,-0.081,-0.708,-0.078,0.697,-0.143,1.159,-0.215
2016-11-17 02:12:10.433,20.053,-0.081,-0.709,-0.077,0.696,-0.143,1.159,-0.215
2016-11-17 02:12:10.444,20.075,-0.081,-0.710,-0.077,0.696,-0.143,1.159,-0.215
2016-11-17 02:12:10.456,20.096,-0.080,-0.711,-0.076,0.695,-0.143,1.159,-0.215
2016-11-17 02:12:10.467,20.096,-0.080,-0.711,-0.076,0.694,-0.143,1.159,-0.215
2016-11-17 02:12:10.477,20.117,-0.079,-0.712,-0.076,0.693,-0.143,1.159,-0.215
2016-11-17 02:12:10.488,20.117,-0.079,-0.713,-0.076,0.693,-0.143,1.159,-0.215
2016-11-17 02:12:10.499,20.117,-0.078,-0.713,-0.076,0.692,-0.143,1.159,-0.215
2016-11-17 02:12:10.511,20.139,-0.078,-0.714,-0.076,0.692,-0.143,1.159,-0.215
2016-11-17 02:12:10.522,20.139,-0.077,-0.714,-0.076,0.691,-0.143,1.159,-0.215
2016-11-17 02:12:10.533,20.160,-0.077,-0.715,-0.076,0.691,-0.143,1.159,-0.215
2016-11-17 02:12:10.545,20.181,-0.076,-0.715,-0.076,0.691,-0.143,1.159,-0.215
2016-11-17 02:12:10.556,20.181,-0.076,-0.715,-0.076,0.691,-0.143,1.159,-0.215
2016-11-17 02:12:10.567,20.203,-0.076,-0.715,-0.076,0.690,-0.143,1.159,-0.215
2016-11-17 02:12:10.578,20.203,-0.076,-0.715,-0.077,0.690,-0.143,1.159,-0.215
2016-11-17 02:12:10.589,20.224,-0.075,-0.716,-0.077,0.690,-0.142,1.159,-0.215
2016-11-17 02:12:10.600,20.224,-0.075,-0.716,-0.077,0.690,-0.143,1.159,-0.215
2016-11-17 02:12:10.611,20.245,-0.075,-0.716,-0.077,0.690,-0.143,1.159,-0.215
2016-11-17 02:12:10.622,20.245,-0.075,-0.716,-0.077,0.690,-0.142,1.159,-0.215
2016-11-17 02:12:10.634,20.267,-0.075,-0.716,-0.077,0.689,-0.143,1.159,-0.215
2016-11-17 02:12:10.645,20.288,-0.075,-0.716,-0.077,0.689,-0.143,1.159,-0.215
2016-11-17 02:12:10.656,20.288,-0.075,-0.717,-0.077,0.689,-0.143,1.159,-0.215
2016-11-17 02:12:10.667,20.288,-0.075,-0.717,-0.077,0.689,-0.143,1.159,-0.215
2016-11-17 02:12:10.678,20.309,-0.075,-0.717,-0.077,0.689,-0.143,1.159,-0.216
2016-11-17 02:12:10.689,20.309,-0.075,-0.717,-0.077,0.688,-0.143,1.159,-0.216
2016-11-17 02:12:10.700,20.331,-0.075,-0.718,-0.076,0.688,-0.143,1.159,-0.216
2016-11-17 02:12:10.712,20.331,-0.075,-0.718,-0.076,0.688,-0.143,1.159,-0.216
2016-11-17 02:12:10.723,20.352,-0.075,-0.718,-0.076,0.687,-0.143,1.159,-0.216
2016-11-17 02:12:10.734,20.352,-0.075,-0.719,-0.076,0.687,-0.143,1.159,-0.216
2016-11-17 02:12:10.745,20.373,-0.075,-0.719,-0.076,0.687,-0.143,1.159,-0.216
2016-11-17 02:12:10.757,20.395,-0.075,-0.719,-0.076,0.686,-0.143,1.159,-0.216
2016-11-17 02:12:10.768,20.395,-0.074,-0.720,-0.076,0.686,-0.143,1.159,-0.216
2016-11-17 02:12:10.779,20.416,-0.074,-0.720,-0.075,0.685,-0.143,1.159,-0.216
2016-11-17 02:12:10.790,20.416,-0.074,-0.721,-0.075,0.685,-0.143,1.158,-0.217
2016-11-17 02:12:10.801,20.437,-0.074,-0.722,-0.074,0.684,-0.144,1.158,-0.217
2016-11-17 02:12:10.813,20.437,-0.074,-0.722,-0.074,0.684,-0.144,1.158,-0.217
2016-11-17 02:12:10.824,20.437,-0.074,-0.723,-0.074,0.683,-0.144,1.158,-0.217
2016-11-17 02:12:10.835,20.459,-0.074,-0.723,-0.074,0.683,-0.144,1.158,-0.217
2016-11-17 02:12:10.846,20.480,-0.074,-0.724,-0.074,0.682,-0.144,1.158,-0.217
2016-11-17 02:12:10.857,20.480,-0.073,-0.724,-0.073,0.682,-0.144,1.158,-0.217
2016-11-17 02:12:10.868,20.501,-0.073,-0.725,-0.073,0.681,-0.144,1.158,-0.217
2016-11-17 02:12:10.880,20.501,-0.073,-0.725,-0.073,0.681,-0.144,1.158,-0.217
2016-11-17 02:12:10.890,20.523,-0.073,-0.726,-0.073,0.680,-0.143,1.158,-0.217
2016-11-17 02:12:10.902,20.523,-0.073,-0.726,-0.073,0.680,-0.144,1.158,-0.217
2016-11-17 02:12:10.913,20.544,-0.073,-0.727,-0.073,0.679,-0.144,1.158,-0.217
2016-11-17 02:12:10.924,20.544,-0.073,-0.727,-0.073,0.679,-0.143,1.158,-0.217
2016-11-17 02:12:10.935,20.565,-0.072,-0.728,-0.073,0.678,-0.144,1.158,-0.217
2016-11-17 02:12:10.947,20.587,-0.072,-0.728,-0.073,0.678,-0.144,1.158,-0.217
2016-11-17 02:12:10.958,20.587,-0.072,-0.729,-0.072,0.677,-0.144,1.158,-0.217
2016-11-17 02:12:10.969,20.608,-0.072,-0.729,-0.072,0.677,-0.144,1.158,-0.217
2016-11-17 02:12:10.980,20.608,-0.071,-0.730,-0.072,0.676,-0.144,1.158,-0.217
2016-11-17 02:12:10.991,20.608,-0.071,-0.730,-0.072,0.676,-0.144,1.158,-0.217
2016-11-17 02:12:11.002,20.629,-0.071,-0.731,-0.072,0.675,-0.144,1.158,-0.217
2016-11-17 02:12:11.014,20.629,-0.071,-0.731,-0.072,0.674,-0.144,1.158,-0.217
2016-11-17 02:12:11.025,20.651,-0.071,-0.732,-0.072,0.674,-0.144,1.158,-0.217
2016-11-17 02:12:11.036,20.672,-0.071,-0.733,-0.072,0.673,-0.144,1.158,-0.217
2016-11-17 02:12:11.047,20.672,-0.070,-0.734,-0.072,0.672,-0.144,1.158,-0.217
2016-11-17 02:12:11.058,20.693,-0.070,-0.735,-0.072,0.671,-0.144,1.158,-0.217
2016-11-17 02:12:11.070,20.693,-0.070,-0.736,-0.072,0.669,-0.144,1.158,-0.217
2016-11-17 02:12:11.080,20.715,-0.070,-0.737,-0.072,0.668,-0.144,1.158,-0.218
2016-11-17 02:12:11.091,20.715,-0.069,-0.738,-0.072,0.667,-0.144,1.158,-0.218
2016-11-17 02:12:11.103,20.736,-0.069,-0.740,-0.072,0.665,-0.144,1.158,-0.218
2016-11-17 02:12:11.115,20.757,-0.068,-0.741,-0.072,0.664,-0.144,1.158,-0.218
2016-11-17 02:12:11.126,20.757,-0.068,-0.743,-0.072,0.662,-0.144,1.158,-0.218
2016-11-17 02:12:11.136,20.779,-0.068,-0.745,-0.071,0.660,-0.144,1.158,-0.218
2016-11-17 02:12:11.148,20.779,-0.067,-0.747,-0.071,0.658,-0.144,1.158,-0.219
2016-11-17 02:12:11.159,20.779,-0.067,-0.749,-0.069,0.655,-0.144,1.158,-0.219
2016-11-17 02:12:11.170,20.800,-0.066,-0.752,-0.068,0.652,-0.144,1.158,-0.220
2016-11-17 02:12:11.182,20.800,-0.066,-0.756,-0.066,0.648,-0.144,1.158,-0.220
2016-11-17 02:12:11.192,20.821,-0.066,-0.760,-0.064,0.644,-0.144,1.158,-0.221
2016-11-17 02:12:11.204,20.821,-0.065,-0.764,-0.061,0.639,-0.144,1.158,-0.221
2016-11-17 02:12:11.214,20.843,-0.065,-0.769,-0.058,0.633,-0.143,1.157,-0.222
2016-11-17 02:12:11.226,20.864,-0.065,-0.775,-0.055,0.626,-0.143,1.157,-0.223
2016-11-17 02:12:11.237,20.864,-0.065,-0.781,-0.050,0.619,-0.143,1.157,-0.224
2016-11-17 02:12:11.248,20.885,-0.065,-0.788,-0.045,0.610,-0.143,1.156,-0.225
2016-11-17 02:12:11.259,20.885,-0.065,-0.795,-0.041,0.601,-0.143,1.156,-0.226
2016-11-17 02:12:11.270,20.907,-0.065,-0.802,-0.036,0.592,-0.142,1.156,-0.228
2016-11-17 02:12:11.282,20.907,-0.066,-0.809,-0.033,0.583,-0.142,1.156,-0.229
2016-11-17 02:12:11.292,20.928,-0.067,-0.815,-0.029,0.574,-0.142,1.155,-0.230
2016-11-17 02:12:11.304,20.928,-0.069,-0.822,-0.025,0.565,-0.142,1.155,-0.231
2016-11-17 02:12:11.315,20.949,-0.070,-0.827,-0.021,0.557,-0.141,1.155,-0.233
2016-11-17 02:12:11.326,20.949,-0.071,-0.833,-0.017,0.548,-0.141,1.154,-0.234
2016-11-17 02:12:11.338,20.971,-0.072,-0.838,-0.013,0.540,-0.141,1.154,-0.235
2016-11-17 02:12:11.349,20.971,-0.073,-0.844,-0.010,0.532,-0.140,1.153,-0.236
2016-11-17 02:12:11.360,20.992,-0.073,-0.848,-0.007,0.524,-0.140,1.153,-0.237
2016-11-17 02:12:11.371,20.992,-0.073,-0.853,-0.004,0.516,-0.140,1.152,-0.238
2016-11-17 02:12:11.382,21.013,-0.073,-0.858,-0.002,0.509,-0.139,1.152,-0.239